baseline_id;titulo;capability;status_no_snapshot;achados;evidencias;requisitos_r2;changes;cenarios;tarefas;baseline_url;observacao
ARQ-01;Fronteiras;arquitetura-e-comunicacao;PARCIAL_NAO_QUALIFICADO;F-18;"hub/internal/orbita/handlers.go:23;hub/internal/orbita/handlers.go:200;hub/migrations/control/0001_init.sql:5;hub/migrations/control/0003_provider_api_catalog.sql:25";R2-OPE-02;r2-08-operacao-elastica-e-observavel;"R2-OPE-02-S01;R2-OPE-02-S02;R2-OPE-02-S03";r2-08-operacao-elastica-e-observavel:2.2/3.2;https://github.com/leandroclf/ai-hub/blob/a39d394b0d87185ed4cc3861c12ec45f2c302d9e/openspec/changes/hub-interoperabilidade-v4/specs/arquitetura-e-comunicacao/spec.md#L5;Há parte do mecanismo ou artefato, mas cenários/invariantes normativos não estão integralmente comprovados.
ARQ-02;Topologia de referência;arquitetura-e-comunicacao;PARCIAL_NAO_QUALIFICADO;F-14;"hub/cmd/cometa/main.go:43;hub/internal/providerauth/client.go:88;hub/cmd/orbita/main.go:54;hub/internal/atlasclient/client.go:131";"R2-CAT-06;R2-OPE-06";"r2-04-catalogo-produtos-e-contratos;r2-08-operacao-elastica-e-observavel";"R2-CAT-06-S01;R2-CAT-06-S02;R2-CAT-06-S03;R2-OPE-06-S01;R2-OPE-06-S02;R2-OPE-06-S03";"r2-04-catalogo-produtos-e-contratos:2.6/3.6;r2-08-operacao-elastica-e-observavel:2.6/3.6";https://github.com/leandroclf/ai-hub/blob/a39d394b0d87185ed4cc3861c12ec45f2c302d9e/openspec/changes/hub-interoperabilidade-v4/specs/arquitetura-e-comunicacao/spec.md#L28;Há parte do mecanismo ou artefato, mas cenários/invariantes normativos não estão integralmente comprovados.
ARQ-03;Escolha tecnológica;arquitetura-e-comunicacao;PARCIAL_NAO_QUALIFICADO;"F-13;F-34";"hub/internal/providerauth/client.go:57;hub/internal/providerauth/client.go:102;hub/internal/providerauth/client.go:117;hub/internal/queue/queue.go:58;hub/internal/queue/queue.go:126;hub/internal/objectstore/objectstore.go:27;hub/cmd/orbita/main.go:74";R2-INT-03;r2-03-integracoes-credenciais-e-pressao;"R2-INT-03-S01;R2-INT-03-S02;R2-INT-03-S03";r2-03-integracoes-credenciais-e-pressao:2.3/3.3;https://github.com/leandroclf/ai-hub/blob/a39d394b0d87185ed4cc3861c12ec45f2c302d9e/openspec/changes/hub-interoperabilidade-v4/specs/arquitetura-e-comunicacao/spec.md#L51;Há parte do mecanismo ou artefato, mas cenários/invariantes normativos não estão integralmente comprovados.
ARQ-04;Linguagem e tecnologia por aplicação;arquitetura-e-comunicacao;ESCOLHA_CONSTATADA;F-40;"hub/go.mod:3;hub/deploy/Dockerfile:5;hub/deploy/terraform/variables.tf:121;hub/admin-ui/package.json:6;hub/api/asyncapi.yaml:83";R2-QUA-04;r2-09-qualificacao-e-rastreabilidade;"R2-QUA-04-S01;R2-QUA-04-S02;R2-QUA-04-S03";r2-09-qualificacao-e-rastreabilidade:2.4/3.4;https://github.com/leandroclf/ai-hub/blob/a39d394b0d87185ed4cc3861c12ec45f2c302d9e/openspec/changes/hub-interoperabilidade-v4/specs/arquitetura-e-comunicacao/spec.md#L74;"Go e TypeScript/React constatados; desempenho e suporte operacional exigem qualificação."
ARQ-05;Razões das dependências e revisão de alternativas;arquitetura-e-comunicacao;PARCIAL_NAO_QUALIFICADO;"F-34;F-40";"hub/internal/queue/queue.go:58;hub/internal/queue/queue.go:126;hub/internal/objectstore/objectstore.go:27;hub/cmd/orbita/main.go:74;hub/go.mod:3;hub/deploy/Dockerfile:5;hub/deploy/terraform/variables.tf:121;hub/admin-ui/package.json:6;hub/api/asyncapi.yaml:83";R2-OPE-08;r2-08-operacao-elastica-e-observavel;"R2-OPE-08-S01;R2-OPE-08-S02;R2-OPE-08-S03";r2-08-operacao-elastica-e-observavel:2.8/3.8;https://github.com/leandroclf/ai-hub/blob/a39d394b0d87185ed4cc3861c12ec45f2c302d9e/openspec/changes/hub-interoperabilidade-v4/specs/arquitetura-e-comunicacao/spec.md#L97;Há parte do mecanismo ou artefato, mas cenários/invariantes normativos não estão integralmente comprovados.
ARQ-06;Tecnologias para expansão e continuidade;arquitetura-e-comunicacao;PARCIAL_NAO_QUALIFICADO;"F-32;F-33";"hub/deploy/k8s/README.md:3;hub/deploy/k8s/kustomization.yaml:16;hub/deploy/k8s/cometa.yaml:8;hub/deploy/k8s/orbita.yaml:86;hub/migrations/control/0001_init.sql:62;hub/deploy/terraform/main.tf:517;hub/deploy/terraform/crossplane/composition.yaml:272;hub/deploy/terraform/main.tf:736";"R2-OPE-02;R2-OPE-04;R2-OPE-05";r2-08-operacao-elastica-e-observavel;"R2-OPE-02-S01;R2-OPE-02-S02;R2-OPE-02-S03;R2-OPE-04-S01;R2-OPE-04-S02;R2-OPE-04-S03;R2-OPE-05-S01;R2-OPE-05-S02;R2-OPE-05-S03";"r2-08-operacao-elastica-e-observavel:2.2/3.2;r2-08-operacao-elastica-e-observavel:2.4/3.4;r2-08-operacao-elastica-e-observavel:2.5/3.5";https://github.com/leandroclf/ai-hub/blob/a39d394b0d87185ed4cc3861c12ec45f2c302d9e/openspec/changes/hub-interoperabilidade-v4/specs/arquitetura-e-comunicacao/spec.md#L120;Há parte do mecanismo ou artefato, mas cenários/invariantes normativos não estão integralmente comprovados.
COM-01;Comunicação interna definida;arquitetura-e-comunicacao;PARCIAL_NAO_QUALIFICADO;"F-02;F-07";"hub/internal/orbita/handlers.go:53;hub/cmd/orbita/main.go:119;hub/internal/atlas/handlers.go:24;hub/deploy/docker-compose.yml:57;hub/internal/cometa/store.go:32;hub/internal/cometa/executor.go:100;hub/internal/cometa/store.go:85;hub/internal/dispatch/contract.go:40";R2-EXE-07;r2-02-execucao-duravel-e-resultados;"R2-EXE-07-S01;R2-EXE-07-S02;R2-EXE-07-S03;R2-EXE-07-S04";r2-02-execucao-duravel-e-resultados:2.7/3.7;https://github.com/leandroclf/ai-hub/blob/a39d394b0d87185ed4cc3861c12ec45f2c302d9e/openspec/changes/hub-interoperabilidade-v4/specs/arquitetura-e-comunicacao/spec.md#L143;Há parte do mecanismo ou artefato, mas cenários/invariantes normativos não estão integralmente comprovados.
COM-02;Integração de clientes e provedores;arquitetura-e-comunicacao;PARCIAL_NAO_QUALIFICADO;"F-13;F-19;F-29;F-41";"hub/internal/providerauth/client.go:57;hub/internal/providerauth/client.go:102;hub/internal/providerauth/client.go:117;hub/deploy/import_hiveplace_collection.sh:38;hub/deploy/import_hiveplace_collection.sh:58;hub/internal/cometa/executor.go:120;hub/migrations/control/0003_provider_api_catalog.sql:4;hub/internal/objectstore/objectstore.go:43;hub/internal/objectstore/objectstore.go:56;hub/internal/objectstore/objectstore.go:79;hub/internal/orbita/handlers.go:114;hub/internal/atlas/handlers.go:100;hub/internal/pulsar/handlers.go:24;hub/internal/pulsar/worker.go:80;hub/internal/cometa/executor.go:135";"R2-SEG-04;R2-INT-01;R2-CAT-05;R2-CAT-07;R2-ADM-04;R2-DAD-01";"r2-01-identidade-e-isolamento;r2-03-integracoes-credenciais-e-pressao;r2-04-catalogo-produtos-e-contratos;r2-05-console-administrativo;r2-07-objetos-dados-e-retencao";"R2-SEG-04-S01;R2-SEG-04-S02;R2-SEG-04-S03;R2-INT-01-S01;R2-INT-01-S02;R2-INT-01-S03;R2-CAT-05-S01;R2-CAT-05-S02;R2-CAT-05-S03;R2-CAT-07-S01;R2-CAT-07-S02;R2-CAT-07-S03;R2-ADM-04-S01;R2-ADM-04-S02;R2-ADM-04-S03;R2-DAD-01-S01;R2-DAD-01-S02;R2-DAD-01-S03";"r2-01-identidade-e-isolamento:2.4/3.4;r2-03-integracoes-credenciais-e-pressao:2.1/3.1;r2-04-catalogo-produtos-e-contratos:2.5/3.5;r2-04-catalogo-produtos-e-contratos:2.7/3.7;r2-05-console-administrativo:2.4/3.4;r2-07-objetos-dados-e-retencao:2.1/3.1";https://github.com/leandroclf/ai-hub/blob/a39d394b0d87185ed4cc3861c12ec45f2c302d9e/openspec/changes/hub-interoperabilidade-v4/specs/arquitetura-e-comunicacao/spec.md#L166;Há parte do mecanismo ou artefato, mas cenários/invariantes normativos não estão integralmente comprovados.
COM-03;Mensagens e idempotência;arquitetura-e-comunicacao;PARCIAL_NAO_QUALIFICADO;"F-03;F-04;F-05;F-08";"hub/internal/cometa/handlers.go:73;hub/internal/cometa/executor.go:267;hub/internal/orbita/handlers.go:178;hub/internal/orbita/handlers.go:213;hub/internal/orbita/dispatcher.go:78;hub/internal/orbita/store.go:74;hub/internal/cometa/worker.go:34;hub/internal/orbita/factconsumer.go:51;hub/internal/pulsar/consumer.go:38;hub/internal/libra/consumers.go:45;hub/internal/cometa/executor.go:192;hub/internal/cometa/executor.go:219";"R2-EXE-01;R2-EXE-05";r2-02-execucao-duravel-e-resultados;"R2-EXE-01-S01;R2-EXE-01-S02;R2-EXE-01-S03;R2-EXE-05-S01;R2-EXE-05-S02;R2-EXE-05-S03";"r2-02-execucao-duravel-e-resultados:2.1/3.1;r2-02-execucao-duravel-e-resultados:2.5/3.5";https://github.com/leandroclf/ai-hub/blob/a39d394b0d87185ed4cc3861c12ec45f2c302d9e/openspec/changes/hub-interoperabilidade-v4/specs/arquitetura-e-comunicacao/spec.md#L189;Há parte do mecanismo ou artefato, mas cenários/invariantes normativos não estão integralmente comprovados.
COM-04;Evolução de contratos;arquitetura-e-comunicacao;NAO_IMPLEMENTADO;"F-18;F-28;F-40";"hub/internal/orbita/handlers.go:23;hub/internal/orbita/handlers.go:200;hub/migrations/control/0001_init.sql:5;hub/migrations/control/0003_provider_api_catalog.sql:25;hub/internal/orbita/finalize.go:49;hub/internal/orbita/handlers.go:303;hub/test/e2e/e2e_test.go:163;hub/go.mod:3;hub/deploy/Dockerfile:5;hub/deploy/terraform/variables.tf:121;hub/admin-ui/package.json:6;hub/api/asyncapi.yaml:83";"R2-EXE-05;R2-EXE-08;R2-CAT-05;R2-QUA-03";"r2-02-execucao-duravel-e-resultados;r2-04-catalogo-produtos-e-contratos;r2-09-qualificacao-e-rastreabilidade";"R2-EXE-05-S01;R2-EXE-05-S02;R2-EXE-05-S03;R2-EXE-08-S01;R2-EXE-08-S02;R2-EXE-08-S03;R2-CAT-05-S01;R2-CAT-05-S02;R2-CAT-05-S03;R2-QUA-03-S01;R2-QUA-03-S02;R2-QUA-03-S03";"r2-02-execucao-duravel-e-resultados:2.5/3.5;r2-02-execucao-duravel-e-resultados:2.8/3.8;r2-04-catalogo-produtos-e-contratos:2.5/3.5;r2-09-qualificacao-e-rastreabilidade:2.3/3.3";https://github.com/leandroclf/ai-hub/blob/a39d394b0d87185ed4cc3861c12ec45f2c302d9e/openspec/changes/hub-interoperabilidade-v4/specs/arquitetura-e-comunicacao/spec.md#L212;"Obrigação não implementada no escopo normativo; modelos/comentários isolados não a satisfazem."
COM-05;Mesmo contrato em GET e webhook;arquitetura-e-comunicacao;PARCIAL_NAO_QUALIFICADO;"F-06;F-26;F-27;F-28";"hub/internal/cometa/executor.go:120;hub/internal/cometa/executor.go:192;hub/internal/cometa/executor.go:267;hub/internal/cometa/store.go:45;hub/internal/pulsar/store.go:64;hub/internal/pulsar/store.go:91;hub/internal/pulsar/worker.go:71;hub/migrations/core/0001_init.sql:101;hub/internal/pulsar/store.go:105;hub/internal/pulsar/worker.go:15;hub/internal/pulsar/worker.go:59;hub/internal/orbita/finalize.go:49;hub/internal/orbita/handlers.go:303;hub/test/e2e/e2e_test.go:163";"R2-EXE-08;R2-INT-07;R2-CAT-05";"r2-02-execucao-duravel-e-resultados;r2-03-integracoes-credenciais-e-pressao;r2-04-catalogo-produtos-e-contratos";"R2-EXE-08-S01;R2-EXE-08-S02;R2-EXE-08-S03;R2-INT-07-S01;R2-INT-07-S02;R2-INT-07-S03;R2-INT-07-S04;R2-CAT-05-S01;R2-CAT-05-S02;R2-CAT-05-S03";"r2-02-execucao-duravel-e-resultados:2.8/3.8;r2-03-integracoes-credenciais-e-pressao:2.7/3.7;r2-04-catalogo-produtos-e-contratos:2.5/3.5";https://github.com/leandroclf/ai-hub/blob/a39d394b0d87185ed4cc3861c12ec45f2c302d9e/openspec/changes/hub-interoperabilidade-v4/specs/arquitetura-e-comunicacao/spec.md#L235;Há parte do mecanismo ou artefato, mas cenários/invariantes normativos não estão integralmente comprovados.
COM-06;Contrato do despacho direto;arquitetura-e-comunicacao;PARCIAL_NAO_QUALIFICADO;F-11;"hub/internal/orbita/handlers.go:168;hub/internal/orbita/handlers.go:187;hub/internal/orbita/handlers.go:242;hub/internal/platform/httpserver/httpserver.go:90";"R2-EXE-03;R2-EXE-04;R2-EXE-07";r2-02-execucao-duravel-e-resultados;"R2-EXE-03-S01;R2-EXE-03-S02;R2-EXE-03-S03;R2-EXE-04-S01;R2-EXE-04-S02;R2-EXE-04-S03;R2-EXE-07-S01;R2-EXE-07-S02;R2-EXE-07-S03;R2-EXE-07-S04";"r2-02-execucao-duravel-e-resultados:2.3/3.3;r2-02-execucao-duravel-e-resultados:2.4/3.4;r2-02-execucao-duravel-e-resultados:2.7/3.7";https://github.com/leandroclf/ai-hub/blob/a39d394b0d87185ed4cc3861c12ec45f2c302d9e/openspec/changes/hub-interoperabilidade-v4/specs/arquitetura-e-comunicacao/spec.md#L258;Há parte do mecanismo ou artefato, mas cenários/invariantes normativos não estão integralmente comprovados.
CAT-01;Catálogo de serviços;catalogo-e-portfolio;PARCIAL_NAO_QUALIFICADO;"F-17;F-19;F-20";"hub/internal/atlas/store.go:48;hub/internal/atlas/handlers.go:42;hub/internal/orbita/handlers.go:157;hub/deploy/import_hiveplace_collection.sh:38;hub/deploy/import_hiveplace_collection.sh:58;hub/internal/cometa/executor.go:120;hub/migrations/control/0003_provider_api_catalog.sql:4;hub/admin-ui/src/App.tsx:7;hub/admin-ui/src/pages/ServicesPage.tsx:15;hub/admin-ui/src/api/atlasClient.ts:70";"R2-CAT-01;R2-CAT-07;R2-ADM-02;R2-ADM-04";"r2-04-catalogo-produtos-e-contratos;r2-05-console-administrativo";"R2-CAT-01-S01;R2-CAT-01-S02;R2-CAT-01-S03;R2-CAT-07-S01;R2-CAT-07-S02;R2-CAT-07-S03;R2-ADM-02-S01;R2-ADM-02-S02;R2-ADM-02-S03;R2-ADM-04-S01;R2-ADM-04-S02;R2-ADM-04-S03";"r2-04-catalogo-produtos-e-contratos:2.1/3.1;r2-04-catalogo-produtos-e-contratos:2.7/3.7;r2-05-console-administrativo:2.2/3.2;r2-05-console-administrativo:2.4/3.4";https://github.com/leandroclf/ai-hub/blob/a39d394b0d87185ed4cc3861c12ec45f2c302d9e/openspec/changes/hub-interoperabilidade-v4/specs/catalogo-e-portfolio/spec.md#L5;Há parte do mecanismo ou artefato, mas cenários/invariantes normativos não estão integralmente comprovados.
CAT-02;Portfólio e disponibilidade;catalogo-e-portfolio;NAO_IMPLEMENTADO;"F-17;F-19";"hub/internal/atlas/store.go:48;hub/internal/atlas/handlers.go:42;hub/internal/orbita/handlers.go:157;hub/deploy/import_hiveplace_collection.sh:38;hub/deploy/import_hiveplace_collection.sh:58;hub/internal/cometa/executor.go:120;hub/migrations/control/0003_provider_api_catalog.sql:4";"R2-CAT-01;R2-CAT-02;R2-CAT-07;R2-ADM-03;R2-ADM-04";"r2-04-catalogo-produtos-e-contratos;r2-05-console-administrativo";"R2-CAT-01-S01;R2-CAT-01-S02;R2-CAT-01-S03;R2-CAT-02-S01;R2-CAT-02-S02;R2-CAT-02-S03;R2-CAT-07-S01;R2-CAT-07-S02;R2-CAT-07-S03;R2-ADM-03-S01;R2-ADM-03-S02;R2-ADM-03-S03;R2-ADM-04-S01;R2-ADM-04-S02;R2-ADM-04-S03";"r2-04-catalogo-produtos-e-contratos:2.1/3.1;r2-04-catalogo-produtos-e-contratos:2.2/3.2;r2-04-catalogo-produtos-e-contratos:2.7/3.7;r2-05-console-administrativo:2.3/3.3;r2-05-console-administrativo:2.4/3.4";https://github.com/leandroclf/ai-hub/blob/a39d394b0d87185ed4cc3861c12ec45f2c302d9e/openspec/changes/hub-interoperabilidade-v4/specs/catalogo-e-portfolio/spec.md#L23;"Obrigação não implementada no escopo normativo; modelos/comentários isolados não a satisfazem."
CAT-03;Agregação;catalogo-e-portfolio;NAO_IMPLEMENTADO;F-18;"hub/internal/orbita/handlers.go:23;hub/internal/orbita/handlers.go:200;hub/migrations/control/0001_init.sql:5;hub/migrations/control/0003_provider_api_catalog.sql:25";"R2-CAT-03;R2-ADM-05";"r2-04-catalogo-produtos-e-contratos;r2-05-console-administrativo";"R2-CAT-03-S01;R2-CAT-03-S02;R2-CAT-03-S03;R2-ADM-05-S01;R2-ADM-05-S02;R2-ADM-05-S03";"r2-04-catalogo-produtos-e-contratos:2.3/3.3;r2-05-console-administrativo:2.5/3.5";https://github.com/leandroclf/ai-hub/blob/a39d394b0d87185ed4cc3861c12ec45f2c302d9e/openspec/changes/hub-interoperabilidade-v4/specs/catalogo-e-portfolio/spec.md#L41;"Obrigação não implementada no escopo normativo; modelos/comentários isolados não a satisfazem."
CAT-04;Composição;catalogo-e-portfolio;NAO_IMPLEMENTADO;F-18;"hub/internal/orbita/handlers.go:23;hub/internal/orbita/handlers.go:200;hub/migrations/control/0001_init.sql:5;hub/migrations/control/0003_provider_api_catalog.sql:25";"R2-CAT-04;R2-ADM-05";"r2-04-catalogo-produtos-e-contratos;r2-05-console-administrativo";"R2-CAT-04-S01;R2-CAT-04-S02;R2-CAT-04-S03;R2-ADM-05-S01;R2-ADM-05-S02;R2-ADM-05-S03";"r2-04-catalogo-produtos-e-contratos:2.4/3.4;r2-05-console-administrativo:2.5/3.5";https://github.com/leandroclf/ai-hub/blob/a39d394b0d87185ed4cc3861c12ec45f2c302d9e/openspec/changes/hub-interoperabilidade-v4/specs/catalogo-e-portfolio/spec.md#L59;"Obrigação não implementada no escopo normativo; modelos/comentários isolados não a satisfazem."
CAT-05;Consolidação e efeitos;catalogo-e-portfolio;NAO_IMPLEMENTADO;F-18;"hub/internal/orbita/handlers.go:23;hub/internal/orbita/handlers.go:200;hub/migrations/control/0001_init.sql:5;hub/migrations/control/0003_provider_api_catalog.sql:25";"R2-CAT-03;R2-CAT-04;R2-ADM-05";"r2-04-catalogo-produtos-e-contratos;r2-05-console-administrativo";"R2-CAT-03-S01;R2-CAT-03-S02;R2-CAT-03-S03;R2-CAT-04-S01;R2-CAT-04-S02;R2-CAT-04-S03;R2-ADM-05-S01;R2-ADM-05-S02;R2-ADM-05-S03";"r2-04-catalogo-produtos-e-contratos:2.3/3.3;r2-04-catalogo-produtos-e-contratos:2.4/3.4;r2-05-console-administrativo:2.5/3.5";https://github.com/leandroclf/ai-hub/blob/a39d394b0d87185ed4cc3861c12ec45f2c302d9e/openspec/changes/hub-interoperabilidade-v4/specs/catalogo-e-portfolio/spec.md#L77;"Obrigação não implementada no escopo normativo; modelos/comentários isolados não a satisfazem."
CAT-06;Seleção e equivalência de provedores;catalogo-e-portfolio;NAO_IMPLEMENTADO;F-18;"hub/internal/orbita/handlers.go:23;hub/internal/orbita/handlers.go:200;hub/migrations/control/0001_init.sql:5;hub/migrations/control/0003_provider_api_catalog.sql:25";"R2-INT-01;R2-INT-06;R2-CAT-02;R2-ADM-06";"r2-03-integracoes-credenciais-e-pressao;r2-04-catalogo-produtos-e-contratos;r2-05-console-administrativo";"R2-INT-01-S01;R2-INT-01-S02;R2-INT-01-S03;R2-INT-06-S01;R2-INT-06-S02;R2-INT-06-S03;R2-INT-06-S04;R2-CAT-02-S01;R2-CAT-02-S02;R2-CAT-02-S03;R2-ADM-06-S01;R2-ADM-06-S02;R2-ADM-06-S03";"r2-03-integracoes-credenciais-e-pressao:2.1/3.1;r2-03-integracoes-credenciais-e-pressao:2.6/3.6;r2-04-catalogo-produtos-e-contratos:2.2/3.2;r2-05-console-administrativo:2.6/3.6";https://github.com/leandroclf/ai-hub/blob/a39d394b0d87185ed4cc3861c12ec45f2c302d9e/openspec/changes/hub-interoperabilidade-v4/specs/catalogo-e-portfolio/spec.md#L95;"Obrigação não implementada no escopo normativo; modelos/comentários isolados não a satisfazem."
CAT-07;Política comercial do produto;catalogo-e-portfolio;NAO_IMPLEMENTADO;F-18;"hub/internal/orbita/handlers.go:23;hub/internal/orbita/handlers.go:200;hub/migrations/control/0001_init.sql:5;hub/migrations/control/0003_provider_api_catalog.sql:25";"R2-ADM-05;R2-FIN-04";"r2-05-console-administrativo;r2-06-financeiro-auditavel";"R2-ADM-05-S01;R2-ADM-05-S02;R2-ADM-05-S03;R2-FIN-04-S01;R2-FIN-04-S02;R2-FIN-04-S03";"r2-05-console-administrativo:2.5/3.5;r2-06-financeiro-auditavel:2.4/3.4";https://github.com/leandroclf/ai-hub/blob/a39d394b0d87185ed4cc3861c12ec45f2c302d9e/openspec/changes/hub-interoperabilidade-v4/specs/catalogo-e-portfolio/spec.md#L113;"Obrigação não implementada no escopo normativo; modelos/comentários isolados não a satisfazem."
CAT-08;Rastreabilidade da composição;catalogo-e-portfolio;NAO_IMPLEMENTADO;F-18;"hub/internal/orbita/handlers.go:23;hub/internal/orbita/handlers.go:200;hub/migrations/control/0001_init.sql:5;hub/migrations/control/0003_provider_api_catalog.sql:25";"R2-CAT-03;R2-CAT-04;R2-ADM-05";"r2-04-catalogo-produtos-e-contratos;r2-05-console-administrativo";"R2-CAT-03-S01;R2-CAT-03-S02;R2-CAT-03-S03;R2-CAT-04-S01;R2-CAT-04-S02;R2-CAT-04-S03;R2-ADM-05-S01;R2-ADM-05-S02;R2-ADM-05-S03";"r2-04-catalogo-produtos-e-contratos:2.3/3.3;r2-04-catalogo-produtos-e-contratos:2.4/3.4;r2-05-console-administrativo:2.5/3.5";https://github.com/leandroclf/ai-hub/blob/a39d394b0d87185ed4cc3861c12ec45f2c302d9e/openspec/changes/hub-interoperabilidade-v4/specs/catalogo-e-portfolio/spec.md#L131;"Obrigação não implementada no escopo normativo; modelos/comentários isolados não a satisfazem."
CAT-09;Contratos técnicos por cliente;catalogo-e-portfolio;NAO_IMPLEMENTADO;"F-18;F-28";"hub/internal/orbita/handlers.go:23;hub/internal/orbita/handlers.go:200;hub/migrations/control/0001_init.sql:5;hub/migrations/control/0003_provider_api_catalog.sql:25;hub/internal/orbita/finalize.go:49;hub/internal/orbita/handlers.go:303;hub/test/e2e/e2e_test.go:163";"R2-EXE-08;R2-CAT-05;R2-ADM-07";"r2-02-execucao-duravel-e-resultados;r2-04-catalogo-produtos-e-contratos;r2-05-console-administrativo";"R2-EXE-08-S01;R2-EXE-08-S02;R2-EXE-08-S03;R2-CAT-05-S01;R2-CAT-05-S02;R2-CAT-05-S03;R2-ADM-07-S01;R2-ADM-07-S02;R2-ADM-07-S03";"r2-02-execucao-duravel-e-resultados:2.8/3.8;r2-04-catalogo-produtos-e-contratos:2.5/3.5;r2-05-console-administrativo:2.7/3.7";https://github.com/leandroclf/ai-hub/blob/a39d394b0d87185ed4cc3861c12ec45f2c302d9e/openspec/changes/hub-interoperabilidade-v4/specs/catalogo-e-portfolio/spec.md#L149;"Obrigação não implementada no escopo normativo; modelos/comentários isolados não a satisfazem."
CAT-10;Elegibilidade de SLA e capacidade;catalogo-e-portfolio;PARCIAL_NAO_QUALIFICADO;F-17;"hub/internal/atlas/store.go:48;hub/internal/atlas/handlers.go:42;hub/internal/orbita/handlers.go:157";"R2-INT-08;R2-CAT-02";"r2-03-integracoes-credenciais-e-pressao;r2-04-catalogo-produtos-e-contratos";"R2-INT-08-S01;R2-INT-08-S02;R2-INT-08-S03;R2-CAT-02-S01;R2-CAT-02-S02;R2-CAT-02-S03";"r2-03-integracoes-credenciais-e-pressao:2.8/3.8;r2-04-catalogo-produtos-e-contratos:2.2/3.2";https://github.com/leandroclf/ai-hub/blob/a39d394b0d87185ed4cc3861c12ec45f2c302d9e/openspec/changes/hub-interoperabilidade-v4/specs/catalogo-e-portfolio/spec.md#L172;Há parte do mecanismo ou artefato, mas cenários/invariantes normativos não estão integralmente comprovados.
CAT-11;Crescimento, modalidade e elegibilidade de credencial;catalogo-e-portfolio;PARCIAL_NAO_QUALIFICADO;F-11;"hub/internal/orbita/handlers.go:168;hub/internal/orbita/handlers.go:187;hub/internal/orbita/handlers.go:242;hub/internal/platform/httpserver/httpserver.go:90";"R2-EXE-07;R2-INT-01;R2-INT-02;R2-CAT-02;R2-CAT-08;R2-ADM-03";"r2-02-execucao-duravel-e-resultados;r2-03-integracoes-credenciais-e-pressao;r2-04-catalogo-produtos-e-contratos;r2-05-console-administrativo";"R2-EXE-07-S01;R2-EXE-07-S02;R2-EXE-07-S03;R2-EXE-07-S04;R2-INT-01-S01;R2-INT-01-S02;R2-INT-01-S03;R2-INT-02-S01;R2-INT-02-S02;R2-INT-02-S03;R2-CAT-02-S01;R2-CAT-02-S02;R2-CAT-02-S03;R2-CAT-08-S01;R2-CAT-08-S02;R2-CAT-08-S03;R2-ADM-03-S01;R2-ADM-03-S02;R2-ADM-03-S03";"r2-02-execucao-duravel-e-resultados:2.7/3.7;r2-03-integracoes-credenciais-e-pressao:2.1/3.1;r2-03-integracoes-credenciais-e-pressao:2.2/3.2;r2-04-catalogo-produtos-e-contratos:2.2/3.2;r2-04-catalogo-produtos-e-contratos:2.8/3.8;r2-05-console-administrativo:2.3/3.3";https://github.com/leandroclf/ai-hub/blob/a39d394b0d87185ed4cc3861c12ec45f2c302d9e/openspec/changes/hub-interoperabilidade-v4/specs/catalogo-e-portfolio/spec.md#L190;Há parte do mecanismo ou artefato, mas cenários/invariantes normativos não estão integralmente comprovados.
CFG-01;Portal e API administrativa;configuracao-e-seguranca;PARCIAL_NAO_QUALIFICADO;"F-02;F-20;F-21;F-22";"hub/internal/orbita/handlers.go:53;hub/cmd/orbita/main.go:119;hub/internal/atlas/handlers.go:24;hub/deploy/docker-compose.yml:57;hub/admin-ui/src/App.tsx:7;hub/admin-ui/src/pages/ServicesPage.tsx:15;hub/admin-ui/src/api/atlasClient.ts:70;hub/admin-ui/src/App.tsx:9;hub/internal/libra/handlers.go:25;hub/admin-ui/src/pages/ServicesPage.tsx:81;hub/admin-ui/src/pages/ServicesPage.tsx:122;hub/admin-ui/src/pages/ProviderAccountsPage.tsx:97;hub/admin-ui/src/pages/CredentialBindingsPage.tsx:116";"R2-SEG-05;R2-CAT-08;R2-ADM-01;R2-ADM-02;R2-ADM-03;R2-ADM-12";"r2-01-identidade-e-isolamento;r2-04-catalogo-produtos-e-contratos;r2-05-console-administrativo";"R2-SEG-05-S01;R2-SEG-05-S02;R2-SEG-05-S03;R2-CAT-08-S01;R2-CAT-08-S02;R2-CAT-08-S03;R2-ADM-01-S01;R2-ADM-01-S02;R2-ADM-01-S03;R2-ADM-02-S01;R2-ADM-02-S02;R2-ADM-02-S03;R2-ADM-03-S01;R2-ADM-03-S02;R2-ADM-03-S03;R2-ADM-12-S01;R2-ADM-12-S02;R2-ADM-12-S03";"r2-01-identidade-e-isolamento:2.5/3.5;r2-04-catalogo-produtos-e-contratos:2.8/3.8;r2-05-console-administrativo:2.1/3.1;r2-05-console-administrativo:2.2/3.2;r2-05-console-administrativo:2.3/3.3;r2-05-console-administrativo:2.12/3.12";https://github.com/leandroclf/ai-hub/blob/a39d394b0d87185ed4cc3861c12ec45f2c302d9e/openspec/changes/hub-interoperabilidade-v4/specs/configuracao-e-seguranca/spec.md#L5;Há parte do mecanismo ou artefato, mas cenários/invariantes normativos não estão integralmente comprovados.
CFG-02;Publicação governada;configuracao-e-seguranca;NAO_IMPLEMENTADO;"F-17;F-19;F-22";"hub/internal/atlas/store.go:48;hub/internal/atlas/handlers.go:42;hub/internal/orbita/handlers.go:157;hub/deploy/import_hiveplace_collection.sh:38;hub/deploy/import_hiveplace_collection.sh:58;hub/internal/cometa/executor.go:120;hub/migrations/control/0003_provider_api_catalog.sql:4;hub/admin-ui/src/pages/ServicesPage.tsx:81;hub/admin-ui/src/pages/ServicesPage.tsx:122;hub/admin-ui/src/pages/ProviderAccountsPage.tsx:97;hub/admin-ui/src/pages/CredentialBindingsPage.tsx:116";"R2-SEG-05;R2-CAT-01;R2-CAT-06;R2-CAT-07;R2-ADM-04";"r2-01-identidade-e-isolamento;r2-04-catalogo-produtos-e-contratos;r2-05-console-administrativo";"R2-SEG-05-S01;R2-SEG-05-S02;R2-SEG-05-S03;R2-CAT-01-S01;R2-CAT-01-S02;R2-CAT-01-S03;R2-CAT-06-S01;R2-CAT-06-S02;R2-CAT-06-S03;R2-CAT-07-S01;R2-CAT-07-S02;R2-CAT-07-S03;R2-ADM-04-S01;R2-ADM-04-S02;R2-ADM-04-S03";"r2-01-identidade-e-isolamento:2.5/3.5;r2-04-catalogo-produtos-e-contratos:2.1/3.1;r2-04-catalogo-produtos-e-contratos:2.6/3.6;r2-04-catalogo-produtos-e-contratos:2.7/3.7;r2-05-console-administrativo:2.4/3.4";https://github.com/leandroclf/ai-hub/blob/a39d394b0d87185ed4cc3861c12ec45f2c302d9e/openspec/changes/hub-interoperabilidade-v4/specs/configuracao-e-seguranca/spec.md#L23;"Obrigação não implementada no escopo normativo; modelos/comentários isolados não a satisfazem."
CFG-03;Manutenção e diagnóstico;configuracao-e-seguranca;NAO_IMPLEMENTADO;"F-21;F-27;F-36";"hub/admin-ui/src/App.tsx:9;hub/internal/atlas/handlers.go:24;hub/internal/libra/handlers.go:25;hub/internal/pulsar/store.go:105;hub/internal/pulsar/worker.go:15;hub/internal/pulsar/worker.go:59;hub/internal/platform/httpserver/metrics.go:16;hub/internal/platform/httpserver/httpserver.go:115;hub/internal/dispatch/contract.go:35;hub/deploy/docker-compose.yml:3";"R2-SEG-03;R2-INT-07;R2-ADM-08;R2-ADM-09;R2-ADM-10";"r2-01-identidade-e-isolamento;r2-03-integracoes-credenciais-e-pressao;r2-05-console-administrativo";"R2-SEG-03-S01;R2-SEG-03-S02;R2-SEG-03-S03;R2-INT-07-S01;R2-INT-07-S02;R2-INT-07-S03;R2-INT-07-S04;R2-ADM-08-S01;R2-ADM-08-S02;R2-ADM-08-S03;R2-ADM-09-S01;R2-ADM-09-S02;R2-ADM-09-S03;R2-ADM-10-S01;R2-ADM-10-S02;R2-ADM-10-S03";"r2-01-identidade-e-isolamento:2.3/3.3;r2-03-integracoes-credenciais-e-pressao:2.7/3.7;r2-05-console-administrativo:2.8/3.8;r2-05-console-administrativo:2.9/3.9;r2-05-console-administrativo:2.10/3.10";https://github.com/leandroclf/ai-hub/blob/a39d394b0d87185ed4cc3861c12ec45f2c302d9e/openspec/changes/hub-interoperabilidade-v4/specs/configuracao-e-seguranca/spec.md#L46;"Obrigação não implementada no escopo normativo; modelos/comentários isolados não a satisfazem."
SEG-01;Identidade e autorização;configuracao-e-seguranca;NAO_IMPLEMENTADO;"F-01;F-02;F-13;F-34";"hub/internal/orbita/handlers.go:95;hub/internal/orbita/handlers.go:279;hub/deploy/kong/kong.yml:4;hub/internal/orbita/handlers.go:53;hub/cmd/orbita/main.go:119;hub/internal/atlas/handlers.go:24;hub/deploy/docker-compose.yml:57;hub/internal/providerauth/client.go:57;hub/internal/providerauth/client.go:102;hub/internal/providerauth/client.go:117;hub/internal/queue/queue.go:58;hub/internal/queue/queue.go:126;hub/internal/objectstore/objectstore.go:27;hub/cmd/orbita/main.go:74";"R2-SEG-01;R2-SEG-02;R2-SEG-05;R2-ADM-01;R2-OPE-08";"r2-01-identidade-e-isolamento;r2-05-console-administrativo;r2-08-operacao-elastica-e-observavel";"R2-SEG-01-S01;R2-SEG-01-S02;R2-SEG-01-S03;R2-SEG-02-S01;R2-SEG-02-S02;R2-SEG-02-S03;R2-SEG-05-S01;R2-SEG-05-S02;R2-SEG-05-S03;R2-ADM-01-S01;R2-ADM-01-S02;R2-ADM-01-S03;R2-OPE-08-S01;R2-OPE-08-S02;R2-OPE-08-S03";"r2-01-identidade-e-isolamento:2.1/3.1;r2-01-identidade-e-isolamento:2.2/3.2;r2-01-identidade-e-isolamento:2.5/3.5;r2-05-console-administrativo:2.1/3.1;r2-08-operacao-elastica-e-observavel:2.8/3.8";https://github.com/leandroclf/ai-hub/blob/a39d394b0d87185ed4cc3861c12ec45f2c302d9e/openspec/changes/hub-interoperabilidade-v4/specs/configuracao-e-seguranca/spec.md#L64;"Obrigação não implementada no escopo normativo; modelos/comentários isolados não a satisfazem."
SEG-02;Destinos, callbacks e dados;configuracao-e-seguranca;NAO_IMPLEMENTADO;"F-03;F-26;F-29;F-41";"hub/internal/cometa/handlers.go:73;hub/internal/cometa/executor.go:267;hub/internal/pulsar/store.go:64;hub/internal/pulsar/store.go:91;hub/internal/pulsar/worker.go:71;hub/migrations/core/0001_init.sql:101;hub/internal/objectstore/objectstore.go:43;hub/internal/objectstore/objectstore.go:56;hub/internal/objectstore/objectstore.go:79;hub/internal/orbita/handlers.go:114;hub/internal/atlas/handlers.go:100;hub/internal/pulsar/handlers.go:24;hub/internal/pulsar/worker.go:80;hub/internal/cometa/executor.go:135";"R2-SEG-04;R2-INT-04;R2-INT-07;R2-DAD-01";"r2-01-identidade-e-isolamento;r2-03-integracoes-credenciais-e-pressao;r2-07-objetos-dados-e-retencao";"R2-SEG-04-S01;R2-SEG-04-S02;R2-SEG-04-S03;R2-INT-04-S01;R2-INT-04-S02;R2-INT-04-S03;R2-INT-04-S04;R2-INT-07-S01;R2-INT-07-S02;R2-INT-07-S03;R2-INT-07-S04;R2-DAD-01-S01;R2-DAD-01-S02;R2-DAD-01-S03";"r2-01-identidade-e-isolamento:2.4/3.4;r2-03-integracoes-credenciais-e-pressao:2.4/3.4;r2-03-integracoes-credenciais-e-pressao:2.7/3.7;r2-07-objetos-dados-e-retencao:2.1/3.1";https://github.com/leandroclf/ai-hub/blob/a39d394b0d87185ed4cc3861c12ec45f2c302d9e/openspec/changes/hub-interoperabilidade-v4/specs/configuracao-e-seguranca/spec.md#L82;"Obrigação não implementada no escopo normativo; modelos/comentários isolados não a satisfazem."
SEG-03;Isolamento e auditoria;configuracao-e-seguranca;PARCIAL_NAO_QUALIFICADO;"F-01;F-30";"hub/internal/orbita/handlers.go:95;hub/internal/orbita/handlers.go:279;hub/deploy/kong/kong.yml:4;hub/deploy/postgres-init/01-init.sh:8;hub/deploy/docker-compose.yml:56;hub/migrations/core/0001_init.sql:7;hub/migrations/core/0001_init.sql:122";"R2-SEG-01;R2-SEG-02;R2-SEG-05;R2-DAD-04";"r2-01-identidade-e-isolamento;r2-07-objetos-dados-e-retencao";"R2-SEG-01-S01;R2-SEG-01-S02;R2-SEG-01-S03;R2-SEG-02-S01;R2-SEG-02-S02;R2-SEG-02-S03;R2-SEG-05-S01;R2-SEG-05-S02;R2-SEG-05-S03;R2-DAD-04-S01;R2-DAD-04-S02;R2-DAD-04-S03";"r2-01-identidade-e-isolamento:2.1/3.1;r2-01-identidade-e-isolamento:2.2/3.2;r2-01-identidade-e-isolamento:2.5/3.5;r2-07-objetos-dados-e-retencao:2.4/3.4";https://github.com/leandroclf/ai-hub/blob/a39d394b0d87185ed4cc3861c12ec45f2c302d9e/openspec/changes/hub-interoperabilidade-v4/specs/configuracao-e-seguranca/spec.md#L105;Há parte do mecanismo ou artefato, mas cenários/invariantes normativos não estão integralmente comprovados.
CFG-04;Configuração dos novos limites;configuracao-e-seguranca;PARCIAL_NAO_QUALIFICADO;"F-10;F-21";"hub/internal/atlas/store.go:40;hub/internal/orbita/handlers.go:166;hub/internal/cometa/executor.go:182;hub/admin-ui/src/App.tsx:9;hub/internal/atlas/handlers.go:24;hub/internal/libra/handlers.go:25";"R2-INT-05;R2-CAT-01;R2-ADM-07";"r2-03-integracoes-credenciais-e-pressao;r2-04-catalogo-produtos-e-contratos;r2-05-console-administrativo";"R2-INT-05-S01;R2-INT-05-S02;R2-INT-05-S03;R2-INT-05-S04;R2-CAT-01-S01;R2-CAT-01-S02;R2-CAT-01-S03;R2-ADM-07-S01;R2-ADM-07-S02;R2-ADM-07-S03";"r2-03-integracoes-credenciais-e-pressao:2.5/3.5;r2-04-catalogo-produtos-e-contratos:2.1/3.1;r2-05-console-administrativo:2.7/3.7";https://github.com/leandroclf/ai-hub/blob/a39d394b0d87185ed4cc3861c12ec45f2c302d9e/openspec/changes/hub-interoperabilidade-v4/specs/configuracao-e-seguranca/spec.md#L123;Há parte do mecanismo ou artefato, mas cenários/invariantes normativos não estão integralmente comprovados.
SEG-04;Administração entre tenants para desenvolvedores;configuracao-e-seguranca;NAO_IMPLEMENTADO;"F-02;F-21";"hub/internal/orbita/handlers.go:53;hub/cmd/orbita/main.go:119;hub/internal/atlas/handlers.go:24;hub/deploy/docker-compose.yml:57;hub/admin-ui/src/App.tsx:9;hub/internal/libra/handlers.go:25";"R2-SEG-03;R2-ADM-01;R2-ADM-08;R2-ADM-09";"r2-01-identidade-e-isolamento;r2-05-console-administrativo";"R2-SEG-03-S01;R2-SEG-03-S02;R2-SEG-03-S03;R2-ADM-01-S01;R2-ADM-01-S02;R2-ADM-01-S03;R2-ADM-08-S01;R2-ADM-08-S02;R2-ADM-08-S03;R2-ADM-09-S01;R2-ADM-09-S02;R2-ADM-09-S03";"r2-01-identidade-e-isolamento:2.3/3.3;r2-05-console-administrativo:2.1/3.1;r2-05-console-administrativo:2.8/3.8;r2-05-console-administrativo:2.9/3.9";https://github.com/leandroclf/ai-hub/blob/a39d394b0d87185ed4cc3861c12ec45f2c302d9e/openspec/changes/hub-interoperabilidade-v4/specs/configuracao-e-seguranca/spec.md#L146;"Obrigação não implementada no escopo normativo; modelos/comentários isolados não a satisfazem."
CFG-05;Gestão de credenciais Hub–cliente–provedor;configuracao-e-seguranca;PARCIAL_NAO_QUALIFICADO;"F-12;F-26;F-41";"hub/internal/cometa/executor.go:83;hub/internal/cometa/executor.go:142;hub/internal/providerauth/client.go:52;hub/internal/pulsar/store.go:64;hub/internal/pulsar/store.go:91;hub/internal/pulsar/worker.go:71;hub/migrations/core/0001_init.sql:101;hub/internal/atlas/handlers.go:100;hub/internal/pulsar/handlers.go:24;hub/internal/pulsar/worker.go:80;hub/internal/cometa/executor.go:135";"R2-SEG-04;R2-INT-02;R2-ADM-06";"r2-01-identidade-e-isolamento;r2-03-integracoes-credenciais-e-pressao;r2-05-console-administrativo";"R2-SEG-04-S01;R2-SEG-04-S02;R2-SEG-04-S03;R2-INT-02-S01;R2-INT-02-S02;R2-INT-02-S03;R2-ADM-06-S01;R2-ADM-06-S02;R2-ADM-06-S03";"r2-01-identidade-e-isolamento:2.4/3.4;r2-03-integracoes-credenciais-e-pressao:2.2/3.2;r2-05-console-administrativo:2.6/3.6";https://github.com/leandroclf/ai-hub/blob/a39d394b0d87185ed4cc3861c12ec45f2c302d9e/openspec/changes/hub-interoperabilidade-v4/specs/configuracao-e-seguranca/spec.md#L174;Há parte do mecanismo ou artefato, mas cenários/invariantes normativos não estão integralmente comprovados.
CFG-06;Onboarding e capacidade como serviço interno;configuracao-e-seguranca;NAO_IMPLEMENTADO;"F-20;F-21;F-33";"hub/admin-ui/src/App.tsx:7;hub/admin-ui/src/pages/ServicesPage.tsx:15;hub/admin-ui/src/api/atlasClient.ts:70;hub/admin-ui/src/App.tsx:9;hub/internal/atlas/handlers.go:24;hub/internal/libra/handlers.go:25;hub/migrations/control/0001_init.sql:62;hub/deploy/terraform/main.tf:517;hub/deploy/terraform/crossplane/composition.yaml:272;hub/deploy/terraform/main.tf:736";"R2-CAT-08;R2-ADM-02;R2-ADM-03;R2-OPE-04;R2-OPE-05";"r2-04-catalogo-produtos-e-contratos;r2-05-console-administrativo;r2-08-operacao-elastica-e-observavel";"R2-CAT-08-S01;R2-CAT-08-S02;R2-CAT-08-S03;R2-ADM-02-S01;R2-ADM-02-S02;R2-ADM-02-S03;R2-ADM-03-S01;R2-ADM-03-S02;R2-ADM-03-S03;R2-OPE-04-S01;R2-OPE-04-S02;R2-OPE-04-S03;R2-OPE-05-S01;R2-OPE-05-S02;R2-OPE-05-S03";"r2-04-catalogo-produtos-e-contratos:2.8/3.8;r2-05-console-administrativo:2.2/3.2;r2-05-console-administrativo:2.3/3.3;r2-08-operacao-elastica-e-observavel:2.4/3.4;r2-08-operacao-elastica-e-observavel:2.5/3.5";https://github.com/leandroclf/ai-hub/blob/a39d394b0d87185ed4cc3861c12ec45f2c302d9e/openspec/changes/hub-interoperabilidade-v4/specs/configuracao-e-seguranca/spec.md#L197;"Obrigação não implementada no escopo normativo; modelos/comentários isolados não a satisfazem."
SEG-05;Resolução, rotação e isolamento de segredo;configuracao-e-seguranca;PARCIAL_NAO_QUALIFICADO;"F-12;F-13";"hub/internal/cometa/executor.go:83;hub/internal/cometa/executor.go:142;hub/internal/providerauth/client.go:52;hub/internal/providerauth/client.go:57;hub/internal/providerauth/client.go:102;hub/internal/providerauth/client.go:117";"R2-INT-02;R2-INT-03;R2-ADM-06";"r2-03-integracoes-credenciais-e-pressao;r2-05-console-administrativo";"R2-INT-02-S01;R2-INT-02-S02;R2-INT-02-S03;R2-INT-03-S01;R2-INT-03-S02;R2-INT-03-S03;R2-ADM-06-S01;R2-ADM-06-S02;R2-ADM-06-S03";"r2-03-integracoes-credenciais-e-pressao:2.2/3.2;r2-03-integracoes-credenciais-e-pressao:2.3/3.3;r2-05-console-administrativo:2.6/3.6";https://github.com/leandroclf/ai-hub/blob/a39d394b0d87185ed4cc3861c12ec45f2c302d9e/openspec/changes/hub-interoperabilidade-v4/specs/configuracao-e-seguranca/spec.md#L220;Há parte do mecanismo ou artefato, mas cenários/invariantes normativos não estão integralmente comprovados.
FIN-01;Contrato de aquisição;contratos-e-financeiro;NAO_IMPLEMENTADO;F-23;"hub/internal/libra/consumers.go:17;hub/internal/libra/consumers.go:67;hub/internal/libra/consumers.go:101;hub/internal/atlas/store.go:240";"R2-ADM-11;R2-FIN-01";"r2-05-console-administrativo;r2-06-financeiro-auditavel";"R2-ADM-11-S01;R2-ADM-11-S02;R2-ADM-11-S03;R2-FIN-01-S01;R2-FIN-01-S02;R2-FIN-01-S03";"r2-05-console-administrativo:2.11/3.11;r2-06-financeiro-auditavel:2.1/3.1";https://github.com/leandroclf/ai-hub/blob/a39d394b0d87185ed4cc3861c12ec45f2c302d9e/openspec/changes/hub-interoperabilidade-v4/specs/contratos-e-financeiro/spec.md#L5;"Obrigação não implementada no escopo normativo; modelos/comentários isolados não a satisfazem."
FIN-02;Contrato de venda e planos;contratos-e-financeiro;PARCIAL_NAO_QUALIFICADO;"F-23;F-25";"hub/internal/libra/consumers.go:17;hub/internal/libra/consumers.go:67;hub/internal/libra/consumers.go:101;hub/internal/atlas/store.go:240;hub/internal/libra/store.go:27;hub/migrations/finance/0001_init.sql:19;hub/migrations/finance/0001_init.sql:44;hub/internal/libra/handlers.go:25";"R2-CAT-02;R2-ADM-11;R2-FIN-01;R2-FIN-04";"r2-04-catalogo-produtos-e-contratos;r2-05-console-administrativo;r2-06-financeiro-auditavel";"R2-CAT-02-S01;R2-CAT-02-S02;R2-CAT-02-S03;R2-ADM-11-S01;R2-ADM-11-S02;R2-ADM-11-S03;R2-FIN-01-S01;R2-FIN-01-S02;R2-FIN-01-S03;R2-FIN-04-S01;R2-FIN-04-S02;R2-FIN-04-S03";"r2-04-catalogo-produtos-e-contratos:2.2/3.2;r2-05-console-administrativo:2.11/3.11;r2-06-financeiro-auditavel:2.1/3.1;r2-06-financeiro-auditavel:2.4/3.4";https://github.com/leandroclf/ai-hub/blob/a39d394b0d87185ed4cc3861c12ec45f2c302d9e/openspec/changes/hub-interoperabilidade-v4/specs/contratos-e-financeiro/spec.md#L28;Há parte do mecanismo ou artefato, mas cenários/invariantes normativos não estão integralmente comprovados.
FIN-03;Vigência e snapshot;contratos-e-financeiro;PARCIAL_NAO_QUALIFICADO;F-23;"hub/internal/libra/consumers.go:17;hub/internal/libra/consumers.go:67;hub/internal/libra/consumers.go:101;hub/internal/atlas/store.go:240";"R2-CAT-06;R2-ADM-07;R2-FIN-01";"r2-04-catalogo-produtos-e-contratos;r2-05-console-administrativo;r2-06-financeiro-auditavel";"R2-CAT-06-S01;R2-CAT-06-S02;R2-CAT-06-S03;R2-ADM-07-S01;R2-ADM-07-S02;R2-ADM-07-S03;R2-FIN-01-S01;R2-FIN-01-S02;R2-FIN-01-S03";"r2-04-catalogo-produtos-e-contratos:2.6/3.6;r2-05-console-administrativo:2.7/3.7;r2-06-financeiro-auditavel:2.1/3.1";https://github.com/leandroclf/ai-hub/blob/a39d394b0d87185ed4cc3861c12ec45f2c302d9e/openspec/changes/hub-interoperabilidade-v4/specs/contratos-e-financeiro/spec.md#L51;Há parte do mecanismo ou artefato, mas cenários/invariantes normativos não estão integralmente comprovados.
FIN-04;Medição e chaves econômicas;contratos-e-financeiro;PARCIAL_NAO_QUALIFICADO;"F-05;F-08;F-23;F-25";"hub/internal/cometa/worker.go:34;hub/internal/orbita/factconsumer.go:51;hub/internal/pulsar/consumer.go:38;hub/internal/libra/consumers.go:45;hub/internal/cometa/executor.go:192;hub/internal/cometa/executor.go:219;hub/internal/libra/consumers.go:17;hub/internal/libra/consumers.go:67;hub/internal/libra/consumers.go:101;hub/internal/atlas/store.go:240;hub/internal/libra/store.go:27;hub/migrations/finance/0001_init.sql:19;hub/migrations/finance/0001_init.sql:44;hub/internal/libra/handlers.go:25";"R2-EXE-05;R2-FIN-02";"r2-02-execucao-duravel-e-resultados;r2-06-financeiro-auditavel";"R2-EXE-05-S01;R2-EXE-05-S02;R2-EXE-05-S03;R2-FIN-02-S01;R2-FIN-02-S02;R2-FIN-02-S03";"r2-02-execucao-duravel-e-resultados:2.5/3.5;r2-06-financeiro-auditavel:2.2/3.2";https://github.com/leandroclf/ai-hub/blob/a39d394b0d87185ed4cc3861c12ec45f2c302d9e/openspec/changes/hub-interoperabilidade-v4/specs/contratos-e-financeiro/spec.md#L84;Há parte do mecanismo ou artefato, mas cenários/invariantes normativos não estão integralmente comprovados.
FIN-05;Matriz de incidência;contratos-e-financeiro;NAO_IMPLEMENTADO;F-23;"hub/internal/libra/consumers.go:17;hub/internal/libra/consumers.go:67;hub/internal/libra/consumers.go:101;hub/internal/atlas/store.go:240";"R2-FIN-01;R2-FIN-02;R2-FIN-04";r2-06-financeiro-auditavel;"R2-FIN-01-S01;R2-FIN-01-S02;R2-FIN-01-S03;R2-FIN-02-S01;R2-FIN-02-S02;R2-FIN-02-S03;R2-FIN-04-S01;R2-FIN-04-S02;R2-FIN-04-S03";"r2-06-financeiro-auditavel:2.1/3.1;r2-06-financeiro-auditavel:2.2/3.2;r2-06-financeiro-auditavel:2.4/3.4";https://github.com/leandroclf/ai-hub/blob/a39d394b0d87185ed4cc3861c12ec45f2c302d9e/openspec/changes/hub-interoperabilidade-v4/specs/contratos-e-financeiro/spec.md#L107;"Obrigação não implementada no escopo normativo; modelos/comentários isolados não a satisfazem."
FIN-06;Reserva de saldo e limites;contratos-e-financeiro;PARCIAL_NAO_QUALIFICADO;F-24;"hub/internal/libra/store.go:73;hub/internal/libra/store.go:100;hub/internal/libra/consumers.go:75";"R2-ADM-11;R2-FIN-03";"r2-05-console-administrativo;r2-06-financeiro-auditavel";"R2-ADM-11-S01;R2-ADM-11-S02;R2-ADM-11-S03;R2-FIN-03-S01;R2-FIN-03-S02;R2-FIN-03-S03;R2-FIN-03-S04";"r2-05-console-administrativo:2.11/3.11;r2-06-financeiro-auditavel:2.3/3.3";https://github.com/leandroclf/ai-hub/blob/a39d394b0d87185ed4cc3861c12ec45f2c302d9e/openspec/changes/hub-interoperabilidade-v4/specs/contratos-e-financeiro/spec.md#L180;Há parte do mecanismo ou artefato, mas cenários/invariantes normativos não estão integralmente comprovados.
FIN-07;Apuração e ledger;contratos-e-financeiro;NAO_IMPLEMENTADO;F-25;"hub/internal/libra/store.go:27;hub/migrations/finance/0001_init.sql:19;hub/migrations/finance/0001_init.sql:44;hub/internal/libra/handlers.go:25";"R2-ADM-11;R2-FIN-05";"r2-05-console-administrativo;r2-06-financeiro-auditavel";"R2-ADM-11-S01;R2-ADM-11-S02;R2-ADM-11-S03;R2-FIN-05-S01;R2-FIN-05-S02;R2-FIN-05-S03";"r2-05-console-administrativo:2.11/3.11;r2-06-financeiro-auditavel:2.5/3.5";https://github.com/leandroclf/ai-hub/blob/a39d394b0d87185ed4cc3861c12ec45f2c302d9e/openspec/changes/hub-interoperabilidade-v4/specs/contratos-e-financeiro/spec.md#L208;"Obrigação não implementada no escopo normativo; modelos/comentários isolados não a satisfazem."
FIN-08;Fechamento, conciliação e pagamento;contratos-e-financeiro;NAO_IMPLEMENTADO;"F-21;F-25";"hub/admin-ui/src/App.tsx:9;hub/internal/atlas/handlers.go:24;hub/internal/libra/handlers.go:25;hub/internal/libra/store.go:27;hub/migrations/finance/0001_init.sql:19;hub/migrations/finance/0001_init.sql:44";"R2-ADM-11;R2-FIN-06";"r2-05-console-administrativo;r2-06-financeiro-auditavel";"R2-ADM-11-S01;R2-ADM-11-S02;R2-ADM-11-S03;R2-FIN-06-S01;R2-FIN-06-S02;R2-FIN-06-S03";"r2-05-console-administrativo:2.11/3.11;r2-06-financeiro-auditavel:2.6/3.6";https://github.com/leandroclf/ai-hub/blob/a39d394b0d87185ed4cc3861c12ec45f2c302d9e/openspec/changes/hub-interoperabilidade-v4/specs/contratos-e-financeiro/spec.md#L236;"Obrigação não implementada no escopo normativo; modelos/comentários isolados não a satisfazem."
FIN-09;Exemplos de referência para QA;contratos-e-financeiro;PARCIAL_NAO_QUALIFICADO;F-25;"hub/internal/libra/store.go:27;hub/migrations/finance/0001_init.sql:19;hub/migrations/finance/0001_init.sql:44;hub/internal/libra/handlers.go:25";"R2-FIN-02;R2-FIN-04";r2-06-financeiro-auditavel;"R2-FIN-02-S01;R2-FIN-02-S02;R2-FIN-02-S03;R2-FIN-04-S01;R2-FIN-04-S02;R2-FIN-04-S03";"r2-06-financeiro-auditavel:2.2/3.2;r2-06-financeiro-auditavel:2.4/3.4";https://github.com/leandroclf/ai-hub/blob/a39d394b0d87185ed4cc3861c12ec45f2c302d9e/openspec/changes/hub-interoperabilidade-v4/specs/contratos-e-financeiro/spec.md#L264;Há parte do mecanismo ou artefato, mas cenários/invariantes normativos não estão integralmente comprovados.
FIN-10;Quebra de SLA, custo tardio e créditos;contratos-e-financeiro;PARCIAL_NAO_QUALIFICADO;"F-09;F-23;F-24";"hub/internal/orbita/store.go:204;hub/internal/orbita/deadline_timer.go:22;hub/internal/cometa/executor.go:267;hub/internal/libra/consumers.go:17;hub/internal/libra/consumers.go:67;hub/internal/libra/consumers.go:101;hub/internal/atlas/store.go:240;hub/internal/libra/store.go:73;hub/internal/libra/store.go:100;hub/internal/libra/consumers.go:75";"R2-EXE-06;R2-INT-08;R2-ADM-11;R2-FIN-03;R2-FIN-05;R2-FIN-06";"r2-02-execucao-duravel-e-resultados;r2-03-integracoes-credenciais-e-pressao;r2-05-console-administrativo;r2-06-financeiro-auditavel";"R2-EXE-06-S01;R2-EXE-06-S02;R2-EXE-06-S03;R2-EXE-06-S04;R2-INT-08-S01;R2-INT-08-S02;R2-INT-08-S03;R2-ADM-11-S01;R2-ADM-11-S02;R2-ADM-11-S03;R2-FIN-03-S01;R2-FIN-03-S02;R2-FIN-03-S03;R2-FIN-03-S04;R2-FIN-05-S01;R2-FIN-05-S02;R2-FIN-05-S03;R2-FIN-06-S01;R2-FIN-06-S02;R2-FIN-06-S03";"r2-02-execucao-duravel-e-resultados:2.6/3.6;r2-03-integracoes-credenciais-e-pressao:2.8/3.8;r2-05-console-administrativo:2.11/3.11;r2-06-financeiro-auditavel:2.3/3.3;r2-06-financeiro-auditavel:2.5/3.5;r2-06-financeiro-auditavel:2.6/3.6";https://github.com/leandroclf/ai-hub/blob/a39d394b0d87185ed4cc3861c12ec45f2c302d9e/openspec/changes/hub-interoperabilidade-v4/specs/contratos-e-financeiro/spec.md#L297;Há parte do mecanismo ou artefato, mas cenários/invariantes normativos não estão integralmente comprovados.
FIN-11;Conta, credencial e responsabilidade econômica;contratos-e-financeiro;PARCIAL_NAO_QUALIFICADO;"F-12;F-23";"hub/internal/cometa/executor.go:83;hub/internal/cometa/executor.go:142;hub/internal/providerauth/client.go:52;hub/internal/libra/consumers.go:17;hub/internal/libra/consumers.go:67;hub/internal/libra/consumers.go:101;hub/internal/atlas/store.go:240";"R2-INT-02;R2-FIN-01;R2-FIN-06";"r2-03-integracoes-credenciais-e-pressao;r2-06-financeiro-auditavel";"R2-INT-02-S01;R2-INT-02-S02;R2-INT-02-S03;R2-FIN-01-S01;R2-FIN-01-S02;R2-FIN-01-S03;R2-FIN-06-S01;R2-FIN-06-S02;R2-FIN-06-S03";"r2-03-integracoes-credenciais-e-pressao:2.2/3.2;r2-06-financeiro-auditavel:2.1/3.1;r2-06-financeiro-auditavel:2.6/3.6";https://github.com/leandroclf/ai-hub/blob/a39d394b0d87185ed4cc3861c12ec45f2c302d9e/openspec/changes/hub-interoperabilidade-v4/specs/contratos-e-financeiro/spec.md#L325;Há parte do mecanismo ou artefato, mas cenários/invariantes normativos não estão integralmente comprovados.
DEC-01;Decisões arquiteturais de referência;decisoes-e-governanca;DOCUMENTAL;;openspec/changes/hub-interoperabilidade-v4/specs/decisoes-e-governanca/spec.md:5;R2-QUA-04;r2-09-qualificacao-e-rastreabilidade;"R2-QUA-04-S01;R2-QUA-04-S02;R2-QUA-04-S03";r2-09-qualificacao-e-rastreabilidade:2.4/3.4;https://github.com/leandroclf/ai-hub/blob/a39d394b0d87185ed4cc3861c12ec45f2c302d9e/openspec/changes/hub-interoperabilidade-v4/specs/decisoes-e-governanca/spec.md#L5;"Registro normativo existe; aprovação/qualificação não presumida."
DEC-02;Registro de decisões pendentes (P-01 a P-11);decisoes-e-governanca;DOCUMENTAL;F-37;"hub/deploy/k8s/README.md:106;hub/evidence/EVIDENCE.md:1;hub/test/e2e/e2e_test.go:9";R2-QUA-01;r2-09-qualificacao-e-rastreabilidade;"R2-QUA-01-S01;R2-QUA-01-S02;R2-QUA-01-S03";r2-09-qualificacao-e-rastreabilidade:2.1/3.1;https://github.com/leandroclf/ai-hub/blob/a39d394b0d87185ed4cc3861c12ec45f2c302d9e/openspec/changes/hub-interoperabilidade-v4/specs/decisoes-e-governanca/spec.md#L28;"Registro normativo existe; aprovação/qualificação não presumida."
DEC-03;Decisões herdadas da v3 e preservadas;decisoes-e-governanca;DOCUMENTAL;F-39;"openspec/changes/hub-interoperabilidade-v4/TRACEABILITY.md:68;openspec/changes/hub-interoperabilidade-v4/TRACEABILITY.md:84;openspec/changes/hub-interoperabilidade-v4/TRACEABILITY.md:138;openspec/changes/hub-interoperabilidade-v4/tasks.md:1";R2-QUA-04;r2-09-qualificacao-e-rastreabilidade;"R2-QUA-04-S01;R2-QUA-04-S02;R2-QUA-04-S03";r2-09-qualificacao-e-rastreabilidade:2.4/3.4;https://github.com/leandroclf/ai-hub/blob/a39d394b0d87185ed4cc3861c12ec45f2c302d9e/openspec/changes/hub-interoperabilidade-v4/specs/decisoes-e-governanca/spec.md#L56;"Registro normativo existe; aprovação/qualificação não presumida."
DEC-04;Decisões e compatibilidade introduzidas na v4;decisoes-e-governanca;DOCUMENTAL;F-39;"openspec/changes/hub-interoperabilidade-v4/TRACEABILITY.md:68;openspec/changes/hub-interoperabilidade-v4/TRACEABILITY.md:84;openspec/changes/hub-interoperabilidade-v4/TRACEABILITY.md:138;openspec/changes/hub-interoperabilidade-v4/tasks.md:1";R2-QUA-04;r2-09-qualificacao-e-rastreabilidade;"R2-QUA-04-S01;R2-QUA-04-S02;R2-QUA-04-S03";r2-09-qualificacao-e-rastreabilidade:2.4/3.4;https://github.com/leandroclf/ai-hub/blob/a39d394b0d87185ed4cc3861c12ec45f2c302d9e/openspec/changes/hub-interoperabilidade-v4/specs/decisoes-e-governanca/spec.md#L84;"Registro normativo existe; aprovação/qualificação não presumida."
DEC-05;Registro de gaps, riscos e mitigação;decisoes-e-governanca;DOCUMENTAL;F-39;"openspec/changes/hub-interoperabilidade-v4/TRACEABILITY.md:68;openspec/changes/hub-interoperabilidade-v4/TRACEABILITY.md:84;openspec/changes/hub-interoperabilidade-v4/TRACEABILITY.md:138;openspec/changes/hub-interoperabilidade-v4/tasks.md:1";"R2-QUA-01;R2-QUA-04";r2-09-qualificacao-e-rastreabilidade;"R2-QUA-01-S01;R2-QUA-01-S02;R2-QUA-01-S03;R2-QUA-04-S01;R2-QUA-04-S02;R2-QUA-04-S03";"r2-09-qualificacao-e-rastreabilidade:2.1/3.1;r2-09-qualificacao-e-rastreabilidade:2.4/3.4";https://github.com/leandroclf/ai-hub/blob/a39d394b0d87185ed4cc3861c12ec45f2c302d9e/openspec/changes/hub-interoperabilidade-v4/specs/decisoes-e-governanca/spec.md#L112;"Registro normativo existe; aprovação/qualificação não presumida."
OPE-01;Modelo de capacidade;desempenho-e-operacao;NAO_IMPLEMENTADO;F-37;"hub/deploy/k8s/README.md:106;hub/evidence/EVIDENCE.md:1;hub/test/e2e/e2e_test.go:9";R2-OPE-09;r2-08-operacao-elastica-e-observavel;"R2-OPE-09-S01;R2-OPE-09-S02;R2-OPE-09-S03";r2-08-operacao-elastica-e-observavel:2.9/3.9;https://github.com/leandroclf/ai-hub/blob/a39d394b0d87185ed4cc3861c12ec45f2c302d9e/openspec/changes/hub-interoperabilidade-v4/specs/desempenho-e-operacao/spec.md#L5;"Obrigação não implementada no escopo normativo; modelos/comentários isolados não a satisfazem."
OPE-02;Estratégia de baixa latência;desempenho-e-operacao;PARCIAL_NAO_QUALIFICADO;"F-29;F-42";"hub/internal/objectstore/objectstore.go:43;hub/internal/objectstore/objectstore.go:56;hub/internal/objectstore/objectstore.go:79;hub/internal/orbita/handlers.go:114;hub/internal/atlasclient/client.go:43;hub/internal/platform/pg/pg.go:29;hub/internal/queue/queue.go:199";R2-OPE-09;r2-08-operacao-elastica-e-observavel;"R2-OPE-09-S01;R2-OPE-09-S02;R2-OPE-09-S03";r2-08-operacao-elastica-e-observavel:2.9/3.9;https://github.com/leandroclf/ai-hub/blob/a39d394b0d87185ed4cc3861c12ec45f2c302d9e/openspec/changes/hub-interoperabilidade-v4/specs/desempenho-e-operacao/spec.md#L23;Há parte do mecanismo ou artefato, mas cenários/invariantes normativos não estão integralmente comprovados.
OPE-03;SLOs e semântica de garantia;desempenho-e-operacao;NAO_IMPLEMENTADO;"F-36;F-37";"hub/internal/platform/httpserver/metrics.go:16;hub/internal/platform/httpserver/httpserver.go:115;hub/internal/dispatch/contract.go:35;hub/deploy/docker-compose.yml:3;hub/deploy/k8s/README.md:106;hub/evidence/EVIDENCE.md:1;hub/test/e2e/e2e_test.go:9";"R2-OPE-07;R2-OPE-09";r2-08-operacao-elastica-e-observavel;"R2-OPE-07-S01;R2-OPE-07-S02;R2-OPE-07-S03;R2-OPE-09-S01;R2-OPE-09-S02;R2-OPE-09-S03";"r2-08-operacao-elastica-e-observavel:2.7/3.7;r2-08-operacao-elastica-e-observavel:2.9/3.9";https://github.com/leandroclf/ai-hub/blob/a39d394b0d87185ed4cc3861c12ec45f2c302d9e/openspec/changes/hub-interoperabilidade-v4/specs/desempenho-e-operacao/spec.md#L41;"Obrigação não implementada no escopo normativo; modelos/comentários isolados não a satisfazem."
OPE-04;Ambientes e alta disponibilidade;desempenho-e-operacao;PARCIAL_NAO_QUALIFICADO;"F-31;F-32;F-34";"hub/deploy/docker-compose.yml:3;hub/deploy/docker-compose.yml:12;hub/deploy/docker-compose.yml:25;hub/admin-ui/README.md:1;hub/deploy/k8s/README.md:3;hub/deploy/k8s/kustomization.yaml:16;hub/deploy/k8s/cometa.yaml:8;hub/deploy/k8s/orbita.yaml:86;hub/internal/queue/queue.go:58;hub/internal/queue/queue.go:126;hub/internal/objectstore/objectstore.go:27;hub/cmd/orbita/main.go:74";"R2-OPE-01;R2-OPE-02;R2-OPE-08";r2-08-operacao-elastica-e-observavel;"R2-OPE-01-S01;R2-OPE-01-S02;R2-OPE-01-S03;R2-OPE-02-S01;R2-OPE-02-S02;R2-OPE-02-S03;R2-OPE-08-S01;R2-OPE-08-S02;R2-OPE-08-S03";"r2-08-operacao-elastica-e-observavel:2.1/3.1;r2-08-operacao-elastica-e-observavel:2.2/3.2;r2-08-operacao-elastica-e-observavel:2.8/3.8";https://github.com/leandroclf/ai-hub/blob/a39d394b0d87185ed4cc3861c12ec45f2c302d9e/openspec/changes/hub-interoperabilidade-v4/specs/desempenho-e-operacao/spec.md#L64;Há parte do mecanismo ou artefato, mas cenários/invariantes normativos não estão integralmente comprovados.
OPE-05;Probes, escala e proteção;desempenho-e-operacao;PARCIAL_NAO_QUALIFICADO;"F-32;F-35";"hub/deploy/k8s/README.md:3;hub/deploy/k8s/kustomization.yaml:16;hub/deploy/k8s/cometa.yaml:8;hub/deploy/k8s/orbita.yaml:86;hub/internal/platform/httpserver/httpserver.go:86;hub/cmd/orbita/main.go:115;hub/cmd/cometa/main.go:52;hub/deploy/k8s/orbita.yaml:82";"R2-OPE-02;R2-OPE-03";r2-08-operacao-elastica-e-observavel;"R2-OPE-02-S01;R2-OPE-02-S02;R2-OPE-02-S03;R2-OPE-03-S01;R2-OPE-03-S02;R2-OPE-03-S03";"r2-08-operacao-elastica-e-observavel:2.2/3.2;r2-08-operacao-elastica-e-observavel:2.3/3.3";https://github.com/leandroclf/ai-hub/blob/a39d394b0d87185ed4cc3861c12ec45f2c302d9e/openspec/changes/hub-interoperabilidade-v4/specs/desempenho-e-operacao/spec.md#L82;Há parte do mecanismo ou artefato, mas cenários/invariantes normativos não estão integralmente comprovados.
OPE-06;Observabilidade e runbooks;desempenho-e-operacao;PARCIAL_NAO_QUALIFICADO;F-36;"hub/internal/platform/httpserver/metrics.go:16;hub/internal/platform/httpserver/httpserver.go:115;hub/internal/dispatch/contract.go:35;hub/deploy/docker-compose.yml:3";"R2-ADM-10;R2-OPE-07";"r2-05-console-administrativo;r2-08-operacao-elastica-e-observavel";"R2-ADM-10-S01;R2-ADM-10-S02;R2-ADM-10-S03;R2-OPE-07-S01;R2-OPE-07-S02;R2-OPE-07-S03";"r2-05-console-administrativo:2.10/3.10;r2-08-operacao-elastica-e-observavel:2.7/3.7";https://github.com/leandroclf/ai-hub/blob/a39d394b0d87185ed4cc3861c12ec45f2c302d9e/openspec/changes/hub-interoperabilidade-v4/specs/desempenho-e-operacao/spec.md#L100;Há parte do mecanismo ou artefato, mas cenários/invariantes normativos não estão integralmente comprovados.
OPE-07;Amortecimento e controle adaptativo do provedor;desempenho-e-operacao;NAO_IMPLEMENTADO;"F-15;F-16";"hub/internal/cometa/poller.go:48;hub/internal/cometa/store.go:134;hub/internal/cometa/worker.go:34;hub/internal/cometa/poller.go:41;hub/internal/pulsar/worker.go:51;hub/deploy/kong/kong.yml:18";"R2-INT-06;R2-ADM-06";"r2-03-integracoes-credenciais-e-pressao;r2-05-console-administrativo";"R2-INT-06-S01;R2-INT-06-S02;R2-INT-06-S03;R2-INT-06-S04;R2-ADM-06-S01;R2-ADM-06-S02;R2-ADM-06-S03";"r2-03-integracoes-credenciais-e-pressao:2.6/3.6;r2-05-console-administrativo:2.6/3.6";https://github.com/leandroclf/ai-hub/blob/a39d394b0d87185ed4cc3861c12ec45f2c302d9e/openspec/changes/hub-interoperabilidade-v4/specs/desempenho-e-operacao/spec.md#L118;"Obrigação não implementada no escopo normativo; modelos/comentários isolados não a satisfazem."
OPE-08;Isolamento de concorrência e células;desempenho-e-operacao;NAO_IMPLEMENTADO;"F-16;F-42";"hub/internal/cometa/worker.go:34;hub/internal/cometa/poller.go:41;hub/internal/pulsar/worker.go:51;hub/deploy/kong/kong.yml:18;hub/internal/orbita/handlers.go:114;hub/internal/atlasclient/client.go:43;hub/internal/platform/pg/pg.go:29;hub/internal/queue/queue.go:199";"R2-INT-06;R2-OPE-04;R2-OPE-05";"r2-03-integracoes-credenciais-e-pressao;r2-08-operacao-elastica-e-observavel";"R2-INT-06-S01;R2-INT-06-S02;R2-INT-06-S03;R2-INT-06-S04;R2-OPE-04-S01;R2-OPE-04-S02;R2-OPE-04-S03;R2-OPE-05-S01;R2-OPE-05-S02;R2-OPE-05-S03";"r2-03-integracoes-credenciais-e-pressao:2.6/3.6;r2-08-operacao-elastica-e-observavel:2.4/3.4;r2-08-operacao-elastica-e-observavel:2.5/3.5";https://github.com/leandroclf/ai-hub/blob/a39d394b0d87185ed4cc3861c12ec45f2c302d9e/openspec/changes/hub-interoperabilidade-v4/specs/desempenho-e-operacao/spec.md#L141;"Obrigação não implementada no escopo normativo; modelos/comentários isolados não a satisfazem."
OPE-09;Orçamento de latência e paralelismo;desempenho-e-operacao;NAO_IMPLEMENTADO;"F-16;F-42";"hub/internal/cometa/worker.go:34;hub/internal/cometa/poller.go:41;hub/internal/pulsar/worker.go:51;hub/deploy/kong/kong.yml:18;hub/internal/orbita/handlers.go:114;hub/internal/atlasclient/client.go:43;hub/internal/platform/pg/pg.go:29;hub/internal/queue/queue.go:199";R2-OPE-09;r2-08-operacao-elastica-e-observavel;"R2-OPE-09-S01;R2-OPE-09-S02;R2-OPE-09-S03";r2-08-operacao-elastica-e-observavel:2.9/3.9;https://github.com/leandroclf/ai-hub/blob/a39d394b0d87185ed4cc3861c12ec45f2c302d9e/openspec/changes/hub-interoperabilidade-v4/specs/desempenho-e-operacao/spec.md#L164;"Obrigação não implementada no escopo normativo; modelos/comentários isolados não a satisfazem."
OPE-10;Aferição de SLA em ambas as relações;desempenho-e-operacao;NAO_IMPLEMENTADO;"F-09;F-21;F-36";"hub/internal/orbita/store.go:204;hub/internal/orbita/deadline_timer.go:22;hub/internal/cometa/executor.go:267;hub/admin-ui/src/App.tsx:9;hub/internal/atlas/handlers.go:24;hub/internal/libra/handlers.go:25;hub/internal/platform/httpserver/metrics.go:16;hub/internal/platform/httpserver/httpserver.go:115;hub/internal/dispatch/contract.go:35;hub/deploy/docker-compose.yml:3";"R2-EXE-06;R2-INT-08;R2-ADM-10;R2-OPE-07";"r2-02-execucao-duravel-e-resultados;r2-03-integracoes-credenciais-e-pressao;r2-05-console-administrativo;r2-08-operacao-elastica-e-observavel";"R2-EXE-06-S01;R2-EXE-06-S02;R2-EXE-06-S03;R2-EXE-06-S04;R2-INT-08-S01;R2-INT-08-S02;R2-INT-08-S03;R2-ADM-10-S01;R2-ADM-10-S02;R2-ADM-10-S03;R2-OPE-07-S01;R2-OPE-07-S02;R2-OPE-07-S03";"r2-02-execucao-duravel-e-resultados:2.6/3.6;r2-03-integracoes-credenciais-e-pressao:2.8/3.8;r2-05-console-administrativo:2.10/3.10;r2-08-operacao-elastica-e-observavel:2.7/3.7";https://github.com/leandroclf/ai-hub/blob/a39d394b0d87185ed4cc3861c12ec45f2c302d9e/openspec/changes/hub-interoperabilidade-v4/specs/desempenho-e-operacao/spec.md#L182;"Obrigação não implementada no escopo normativo; modelos/comentários isolados não a satisfazem."
OPE-11;Preservação de informação e limites da garantia;desempenho-e-operacao;PARCIAL_NAO_QUALIFICADO;"F-04;F-05;F-37";"hub/internal/orbita/handlers.go:178;hub/internal/orbita/handlers.go:213;hub/internal/orbita/dispatcher.go:78;hub/internal/orbita/store.go:74;hub/internal/cometa/worker.go:34;hub/internal/orbita/factconsumer.go:51;hub/internal/pulsar/consumer.go:38;hub/internal/libra/consumers.go:45;hub/deploy/k8s/README.md:106;hub/evidence/EVIDENCE.md:1;hub/test/e2e/e2e_test.go:9";"R2-EXE-05;R2-EXE-09;R2-DAD-02;R2-DAD-03;R2-DAD-05;R2-OPE-09";"r2-02-execucao-duravel-e-resultados;r2-07-objetos-dados-e-retencao;r2-08-operacao-elastica-e-observavel";"R2-EXE-05-S01;R2-EXE-05-S02;R2-EXE-05-S03;R2-EXE-09-S01;R2-EXE-09-S02;R2-EXE-09-S03;R2-DAD-02-S01;R2-DAD-02-S02;R2-DAD-02-S03;R2-DAD-03-S01;R2-DAD-03-S02;R2-DAD-03-S03;R2-DAD-05-S01;R2-DAD-05-S02;R2-DAD-05-S03;R2-OPE-09-S01;R2-OPE-09-S02;R2-OPE-09-S03";"r2-02-execucao-duravel-e-resultados:2.5/3.5;r2-02-execucao-duravel-e-resultados:2.9/3.9;r2-07-objetos-dados-e-retencao:2.2/3.2;r2-07-objetos-dados-e-retencao:2.3/3.3;r2-07-objetos-dados-e-retencao:2.5/3.5;r2-08-operacao-elastica-e-observavel:2.9/3.9";https://github.com/leandroclf/ai-hub/blob/a39d394b0d87185ed4cc3861c12ec45f2c302d9e/openspec/changes/hub-interoperabilidade-v4/specs/desempenho-e-operacao/spec.md#L200;Há parte do mecanismo ou artefato, mas cenários/invariantes normativos não estão integralmente comprovados.
OPE-12;Escala automática de ponta a ponta;desempenho-e-operacao;PARCIAL_NAO_QUALIFICADO;"F-32;F-33";"hub/deploy/k8s/README.md:3;hub/deploy/k8s/kustomization.yaml:16;hub/deploy/k8s/cometa.yaml:8;hub/deploy/k8s/orbita.yaml:86;hub/migrations/control/0001_init.sql:62;hub/deploy/terraform/main.tf:517;hub/deploy/terraform/crossplane/composition.yaml:272;hub/deploy/terraform/main.tf:736";R2-OPE-04;r2-08-operacao-elastica-e-observavel;"R2-OPE-04-S01;R2-OPE-04-S02;R2-OPE-04-S03";r2-08-operacao-elastica-e-observavel:2.4/3.4;https://github.com/leandroclf/ai-hub/blob/a39d394b0d87185ed4cc3861c12ec45f2c302d9e/openspec/changes/hub-interoperabilidade-v4/specs/desempenho-e-operacao/spec.md#L218;Há parte do mecanismo ou artefato, mas cenários/invariantes normativos não estão integralmente comprovados.
OPE-13;Matriz de dependências e fallback seguro;desempenho-e-operacao;PARCIAL_NAO_QUALIFICADO;"F-14;F-35";"hub/cmd/cometa/main.go:43;hub/internal/providerauth/client.go:88;hub/cmd/orbita/main.go:54;hub/internal/atlasclient/client.go:131;hub/internal/platform/httpserver/httpserver.go:86;hub/cmd/orbita/main.go:115;hub/cmd/cometa/main.go:52;hub/deploy/k8s/orbita.yaml:82";"R2-INT-03;R2-OPE-03;R2-OPE-06";"r2-03-integracoes-credenciais-e-pressao;r2-08-operacao-elastica-e-observavel";"R2-INT-03-S01;R2-INT-03-S02;R2-INT-03-S03;R2-OPE-03-S01;R2-OPE-03-S02;R2-OPE-03-S03;R2-OPE-06-S01;R2-OPE-06-S02;R2-OPE-06-S03";"r2-03-integracoes-credenciais-e-pressao:2.3/3.3;r2-08-operacao-elastica-e-observavel:2.3/3.3;r2-08-operacao-elastica-e-observavel:2.6/3.6";https://github.com/leandroclf/ai-hub/blob/a39d394b0d87185ed4cc3861c12ec45f2c302d9e/openspec/changes/hub-interoperabilidade-v4/specs/desempenho-e-operacao/spec.md#L236;Há parte do mecanismo ou artefato, mas cenários/invariantes normativos não estão integralmente comprovados.
OPE-14;Manutenção sem indisponibilidade evitável;desempenho-e-operacao;NAO_IMPLEMENTADO;"F-14;F-31;F-35";"hub/cmd/cometa/main.go:43;hub/internal/providerauth/client.go:88;hub/cmd/orbita/main.go:54;hub/internal/atlasclient/client.go:131;hub/deploy/docker-compose.yml:3;hub/deploy/docker-compose.yml:12;hub/deploy/docker-compose.yml:25;hub/admin-ui/README.md:1;hub/internal/platform/httpserver/httpserver.go:86;hub/cmd/orbita/main.go:115;hub/cmd/cometa/main.go:52;hub/deploy/k8s/orbita.yaml:82";R2-OPE-03;r2-08-operacao-elastica-e-observavel;"R2-OPE-03-S01;R2-OPE-03-S02;R2-OPE-03-S03";r2-08-operacao-elastica-e-observavel:2.3/3.3;https://github.com/leandroclf/ai-hub/blob/a39d394b0d87185ed4cc3861c12ec45f2c302d9e/openspec/changes/hub-interoperabilidade-v4/specs/desempenho-e-operacao/spec.md#L304;"Obrigação não implementada no escopo normativo; modelos/comentários isolados não a satisfazem."
OPE-15;Criticidade, tolerância a falhas e continuidade operacional;desempenho-e-operacao;NAO_IMPLEMENTADO;F-37;"hub/deploy/k8s/README.md:106;hub/evidence/EVIDENCE.md:1;hub/test/e2e/e2e_test.go:9";"R2-DAD-05;R2-OPE-09;R2-QUA-03";"r2-07-objetos-dados-e-retencao;r2-08-operacao-elastica-e-observavel;r2-09-qualificacao-e-rastreabilidade";"R2-DAD-05-S01;R2-DAD-05-S02;R2-DAD-05-S03;R2-OPE-09-S01;R2-OPE-09-S02;R2-OPE-09-S03;R2-QUA-03-S01;R2-QUA-03-S02;R2-QUA-03-S03";"r2-07-objetos-dados-e-retencao:2.5/3.5;r2-08-operacao-elastica-e-observavel:2.9/3.9;r2-09-qualificacao-e-rastreabilidade:2.3/3.3";https://github.com/leandroclf/ai-hub/blob/a39d394b0d87185ed4cc3861c12ec45f2c302d9e/openspec/changes/hub-interoperabilidade-v4/specs/desempenho-e-operacao/spec.md#L322;"Obrigação não implementada no escopo normativo; modelos/comentários isolados não a satisfazem."
EXE-01;Admissão durável;execucao-e-integracoes;PARCIAL_NAO_QUALIFICADO;F-04;"hub/internal/orbita/handlers.go:178;hub/internal/orbita/handlers.go:213;hub/internal/orbita/dispatcher.go:78;hub/internal/orbita/store.go:74";"R2-EXE-01;R2-EXE-02";r2-02-execucao-duravel-e-resultados;"R2-EXE-01-S01;R2-EXE-01-S02;R2-EXE-01-S03;R2-EXE-02-S01;R2-EXE-02-S02;R2-EXE-02-S03";"r2-02-execucao-duravel-e-resultados:2.1/3.1;r2-02-execucao-duravel-e-resultados:2.2/3.2";https://github.com/leandroclf/ai-hub/blob/a39d394b0d87185ed4cc3861c12ec45f2c302d9e/openspec/changes/hub-interoperabilidade-v4/specs/execucao-e-integracoes/spec.md#L5;Há parte do mecanismo ou artefato, mas cenários/invariantes normativos não estão integralmente comprovados.
EXE-02;Modos de atendimento;execucao-e-integracoes;PARCIAL_NAO_QUALIFICADO;F-11;"hub/internal/orbita/handlers.go:168;hub/internal/orbita/handlers.go:187;hub/internal/orbita/handlers.go:242;hub/internal/platform/httpserver/httpserver.go:90";R2-EXE-07;r2-02-execucao-duravel-e-resultados;"R2-EXE-07-S01;R2-EXE-07-S02;R2-EXE-07-S03;R2-EXE-07-S04";r2-02-execucao-duravel-e-resultados:2.7/3.7;https://github.com/leandroclf/ai-hub/blob/a39d394b0d87185ed4cc3861c12ec45f2c302d9e/openspec/changes/hub-interoperabilidade-v4/specs/execucao-e-integracoes/spec.md#L28;Há parte do mecanismo ou artefato, mas cenários/invariantes normativos não estão integralmente comprovados.
EXE-03;Estados e autoridade;execucao-e-integracoes;PARCIAL_NAO_QUALIFICADO;F-07;"hub/internal/cometa/store.go:32;hub/internal/cometa/executor.go:100;hub/internal/cometa/store.go:85;hub/internal/dispatch/contract.go:40";"R2-EXE-09;R2-CAT-04";"r2-02-execucao-duravel-e-resultados;r2-04-catalogo-produtos-e-contratos";"R2-EXE-09-S01;R2-EXE-09-S02;R2-EXE-09-S03;R2-CAT-04-S01;R2-CAT-04-S02;R2-CAT-04-S03";"r2-02-execucao-duravel-e-resultados:2.9/3.9;r2-04-catalogo-produtos-e-contratos:2.4/3.4";https://github.com/leandroclf/ai-hub/blob/a39d394b0d87185ed4cc3861c12ec45f2c302d9e/openspec/changes/hub-interoperabilidade-v4/specs/execucao-e-integracoes/spec.md#L51;Há parte do mecanismo ou artefato, mas cenários/invariantes normativos não estão integralmente comprovados.
EXE-04;Operação e correlação;execucao-e-integracoes;PARCIAL_NAO_QUALIFICADO;"F-06;F-07";"hub/internal/cometa/executor.go:120;hub/internal/cometa/executor.go:192;hub/internal/cometa/executor.go:267;hub/internal/cometa/store.go:45;hub/internal/cometa/store.go:32;hub/internal/cometa/executor.go:100;hub/internal/cometa/store.go:85;hub/internal/dispatch/contract.go:40";"R2-EXE-03;R2-EXE-04";r2-02-execucao-duravel-e-resultados;"R2-EXE-03-S01;R2-EXE-03-S02;R2-EXE-03-S03;R2-EXE-04-S01;R2-EXE-04-S02;R2-EXE-04-S03";"r2-02-execucao-duravel-e-resultados:2.3/3.3;r2-02-execucao-duravel-e-resultados:2.4/3.4";https://github.com/leandroclf/ai-hub/blob/a39d394b0d87185ed4cc3861c12ec45f2c302d9e/openspec/changes/hub-interoperabilidade-v4/specs/execucao-e-integracoes/spec.md#L74;Há parte do mecanismo ou artefato, mas cenários/invariantes normativos não estão integralmente comprovados.
EXE-05;Polling configurável;execucao-e-integracoes;PARCIAL_NAO_QUALIFICADO;F-15;"hub/internal/cometa/poller.go:48;hub/internal/cometa/store.go:134";R2-INT-04;r2-03-integracoes-credenciais-e-pressao;"R2-INT-04-S01;R2-INT-04-S02;R2-INT-04-S03;R2-INT-04-S04";r2-03-integracoes-credenciais-e-pressao:2.4/3.4;https://github.com/leandroclf/ai-hub/blob/a39d394b0d87185ed4cc3861c12ec45f2c302d9e/openspec/changes/hub-interoperabilidade-v4/specs/execucao-e-integracoes/spec.md#L92;Há parte do mecanismo ou artefato, mas cenários/invariantes normativos não estão integralmente comprovados.
EXE-06;Concorrência entre callback e polling;execucao-e-integracoes;PARCIAL_NAO_QUALIFICADO;"F-03;F-15";"hub/internal/cometa/handlers.go:73;hub/internal/cometa/executor.go:267;hub/internal/cometa/poller.go:48;hub/internal/cometa/store.go:134";R2-INT-04;r2-03-integracoes-credenciais-e-pressao;"R2-INT-04-S01;R2-INT-04-S02;R2-INT-04-S03;R2-INT-04-S04";r2-03-integracoes-credenciais-e-pressao:2.4/3.4;https://github.com/leandroclf/ai-hub/blob/a39d394b0d87185ed4cc3861c12ec45f2c302d9e/openspec/changes/hub-interoperabilidade-v4/specs/execucao-e-integracoes/spec.md#L115;Há parte do mecanismo ou artefato, mas cenários/invariantes normativos não estão integralmente comprovados.
EXE-07;Contrato de consultas públicas;execucao-e-integracoes;PARCIAL_NAO_QUALIFICADO;F-01;"hub/internal/orbita/handlers.go:95;hub/internal/orbita/handlers.go:279;hub/deploy/kong/kong.yml:4";"R2-SEG-01;R2-EXE-08;R2-ADM-08";"r2-01-identidade-e-isolamento;r2-02-execucao-duravel-e-resultados;r2-05-console-administrativo";"R2-SEG-01-S01;R2-SEG-01-S02;R2-SEG-01-S03;R2-EXE-08-S01;R2-EXE-08-S02;R2-EXE-08-S03;R2-ADM-08-S01;R2-ADM-08-S02;R2-ADM-08-S03";"r2-01-identidade-e-isolamento:2.1/3.1;r2-02-execucao-duravel-e-resultados:2.8/3.8;r2-05-console-administrativo:2.8/3.8";https://github.com/leandroclf/ai-hub/blob/a39d394b0d87185ed4cc3861c12ec45f2c302d9e/openspec/changes/hub-interoperabilidade-v4/specs/execucao-e-integracoes/spec.md#L133;Há parte do mecanismo ou artefato, mas cenários/invariantes normativos não estão integralmente comprovados.
EXE-08;Webhooks;execucao-e-integracoes;PARCIAL_NAO_QUALIFICADO;"F-05;F-26;F-27";"hub/internal/cometa/worker.go:34;hub/internal/orbita/factconsumer.go:51;hub/internal/pulsar/consumer.go:38;hub/internal/libra/consumers.go:45;hub/internal/pulsar/store.go:64;hub/internal/pulsar/store.go:91;hub/internal/pulsar/worker.go:71;hub/migrations/core/0001_init.sql:101;hub/internal/pulsar/store.go:105;hub/internal/pulsar/worker.go:15;hub/internal/pulsar/worker.go:59";"R2-EXE-05;R2-INT-07;R2-ADM-09";"r2-02-execucao-duravel-e-resultados;r2-03-integracoes-credenciais-e-pressao;r2-05-console-administrativo";"R2-EXE-05-S01;R2-EXE-05-S02;R2-EXE-05-S03;R2-INT-07-S01;R2-INT-07-S02;R2-INT-07-S03;R2-INT-07-S04;R2-ADM-09-S01;R2-ADM-09-S02;R2-ADM-09-S03";"r2-02-execucao-duravel-e-resultados:2.5/3.5;r2-03-integracoes-credenciais-e-pressao:2.7/3.7;r2-05-console-administrativo:2.9/3.9";https://github.com/leandroclf/ai-hub/blob/a39d394b0d87185ed4cc3861c12ec45f2c302d9e/openspec/changes/hub-interoperabilidade-v4/specs/execucao-e-integracoes/spec.md#L156;Há parte do mecanismo ou artefato, mas cenários/invariantes normativos não estão integralmente comprovados.
EXE-09;Falhas, retry e encerramento;execucao-e-integracoes;PARCIAL_NAO_QUALIFICADO;"F-07;F-10";"hub/internal/cometa/store.go:32;hub/internal/cometa/executor.go:100;hub/internal/cometa/store.go:85;hub/internal/dispatch/contract.go:40;hub/internal/atlas/store.go:40;hub/internal/orbita/handlers.go:166;hub/internal/cometa/executor.go:182";"R2-EXE-03;R2-EXE-09;R2-INT-05;R2-ADM-09";"r2-02-execucao-duravel-e-resultados;r2-03-integracoes-credenciais-e-pressao;r2-05-console-administrativo";"R2-EXE-03-S01;R2-EXE-03-S02;R2-EXE-03-S03;R2-EXE-09-S01;R2-EXE-09-S02;R2-EXE-09-S03;R2-INT-05-S01;R2-INT-05-S02;R2-INT-05-S03;R2-INT-05-S04;R2-ADM-09-S01;R2-ADM-09-S02;R2-ADM-09-S03";"r2-02-execucao-duravel-e-resultados:2.3/3.3;r2-02-execucao-duravel-e-resultados:2.9/3.9;r2-03-integracoes-credenciais-e-pressao:2.5/3.5;r2-05-console-administrativo:2.9/3.9";https://github.com/leandroclf/ai-hub/blob/a39d394b0d87185ed4cc3861c12ec45f2c302d9e/openspec/changes/hub-interoperabilidade-v4/specs/execucao-e-integracoes/spec.md#L179;Há parte do mecanismo ou artefato, mas cenários/invariantes normativos não estão integralmente comprovados.
EXE-10;TTL de reprocessamento em segundos;execucao-e-integracoes;PARCIAL_NAO_QUALIFICADO;F-10;"hub/internal/atlas/store.go:40;hub/internal/orbita/handlers.go:166;hub/internal/cometa/executor.go:182";"R2-INT-05;R2-ADM-07";"r2-03-integracoes-credenciais-e-pressao;r2-05-console-administrativo";"R2-INT-05-S01;R2-INT-05-S02;R2-INT-05-S03;R2-INT-05-S04;R2-ADM-07-S01;R2-ADM-07-S02;R2-ADM-07-S03";"r2-03-integracoes-credenciais-e-pressao:2.5/3.5;r2-05-console-administrativo:2.7/3.7";https://github.com/leandroclf/ai-hub/blob/a39d394b0d87185ed4cc3861c12ec45f2c302d9e/openspec/changes/hub-interoperabilidade-v4/specs/execucao-e-integracoes/spec.md#L202;Há parte do mecanismo ou artefato, mas cenários/invariantes normativos não estão integralmente comprovados.
EXE-11;Deadline, encerramento e disputa temporal;execucao-e-integracoes;PARCIAL_NAO_QUALIFICADO;F-09;"hub/internal/orbita/store.go:204;hub/internal/orbita/deadline_timer.go:22;hub/internal/cometa/executor.go:267";"R2-EXE-06;R2-INT-08;R2-ADM-07";"r2-02-execucao-duravel-e-resultados;r2-03-integracoes-credenciais-e-pressao;r2-05-console-administrativo";"R2-EXE-06-S01;R2-EXE-06-S02;R2-EXE-06-S03;R2-EXE-06-S04;R2-INT-08-S01;R2-INT-08-S02;R2-INT-08-S03;R2-ADM-07-S01;R2-ADM-07-S02;R2-ADM-07-S03";"r2-02-execucao-duravel-e-resultados:2.6/3.6;r2-03-integracoes-credenciais-e-pressao:2.8/3.8;r2-05-console-administrativo:2.7/3.7";https://github.com/leandroclf/ai-hub/blob/a39d394b0d87185ed4cc3861c12ec45f2c302d9e/openspec/changes/hub-interoperabilidade-v4/specs/execucao-e-integracoes/spec.md#L230;Há parte do mecanismo ou artefato, mas cenários/invariantes normativos não estão integralmente comprovados.
EXE-12;Rejeição de retorno tardio sem apagar evidência;execucao-e-integracoes;PARCIAL_NAO_QUALIFICADO;"F-03;F-09";"hub/internal/cometa/handlers.go:73;hub/internal/cometa/executor.go:267;hub/internal/orbita/store.go:204;hub/internal/orbita/deadline_timer.go:22";R2-EXE-06;r2-02-execucao-duravel-e-resultados;"R2-EXE-06-S01;R2-EXE-06-S02;R2-EXE-06-S03;R2-EXE-06-S04";r2-02-execucao-duravel-e-resultados:2.6/3.6;https://github.com/leandroclf/ai-hub/blob/a39d394b0d87185ed4cc3861c12ec45f2c302d9e/openspec/changes/hub-interoperabilidade-v4/specs/execucao-e-integracoes/spec.md#L253;Há parte do mecanismo ou artefato, mas cenários/invariantes normativos não estão integralmente comprovados.
EXE-13;Paralelismo e espera eficiente;execucao-e-integracoes;PARCIAL_NAO_QUALIFICADO;"F-15;F-16;F-27;F-42";"hub/internal/cometa/poller.go:48;hub/internal/cometa/store.go:134;hub/internal/cometa/worker.go:34;hub/internal/cometa/poller.go:41;hub/internal/pulsar/worker.go:51;hub/deploy/kong/kong.yml:18;hub/internal/pulsar/store.go:105;hub/internal/pulsar/worker.go:15;hub/internal/pulsar/worker.go:59;hub/internal/orbita/handlers.go:114;hub/internal/atlasclient/client.go:43;hub/internal/platform/pg/pg.go:29;hub/internal/queue/queue.go:199";"R2-INT-06;R2-CAT-03;R2-CAT-04";"r2-03-integracoes-credenciais-e-pressao;r2-04-catalogo-produtos-e-contratos";"R2-INT-06-S01;R2-INT-06-S02;R2-INT-06-S03;R2-INT-06-S04;R2-CAT-03-S01;R2-CAT-03-S02;R2-CAT-03-S03;R2-CAT-04-S01;R2-CAT-04-S02;R2-CAT-04-S03";"r2-03-integracoes-credenciais-e-pressao:2.6/3.6;r2-04-catalogo-produtos-e-contratos:2.3/3.3;r2-04-catalogo-produtos-e-contratos:2.4/3.4";https://github.com/leandroclf/ai-hub/blob/a39d394b0d87185ed4cc3861c12ec45f2c302d9e/openspec/changes/hub-interoperabilidade-v4/specs/execucao-e-integracoes/spec.md#L276;Há parte do mecanismo ou artefato, mas cenários/invariantes normativos não estão integralmente comprovados.
EXE-14;SYNC direto, prazo e resposta final;execucao-e-integracoes;PARCIAL_NAO_QUALIFICADO;"F-06;F-08;F-11";"hub/internal/cometa/executor.go:120;hub/internal/cometa/executor.go:192;hub/internal/cometa/executor.go:267;hub/internal/cometa/store.go:45;hub/internal/cometa/executor.go:219;hub/internal/orbita/handlers.go:168;hub/internal/orbita/handlers.go:187;hub/internal/orbita/handlers.go:242;hub/internal/platform/httpserver/httpserver.go:90";"R2-EXE-04;R2-EXE-07";r2-02-execucao-duravel-e-resultados;"R2-EXE-04-S01;R2-EXE-04-S02;R2-EXE-04-S03;R2-EXE-07-S01;R2-EXE-07-S02;R2-EXE-07-S03;R2-EXE-07-S04";"r2-02-execucao-duravel-e-resultados:2.4/3.4;r2-02-execucao-duravel-e-resultados:2.7/3.7";https://github.com/leandroclf/ai-hub/blob/a39d394b0d87185ed4cc3861c12ec45f2c302d9e/openspec/changes/hub-interoperabilidade-v4/specs/execucao-e-integracoes/spec.md#L294;Há parte do mecanismo ou artefato, mas cenários/invariantes normativos não estão integralmente comprovados.
EXE-15;Posse única entre despacho direto, fila e recuperação;execucao-e-integracoes;PARCIAL_NAO_QUALIFICADO;"F-04;F-07";"hub/internal/orbita/handlers.go:178;hub/internal/orbita/handlers.go:213;hub/internal/orbita/dispatcher.go:78;hub/internal/orbita/store.go:74;hub/internal/cometa/store.go:32;hub/internal/cometa/executor.go:100;hub/internal/cometa/store.go:85;hub/internal/dispatch/contract.go:40";"R2-EXE-01;R2-EXE-03;R2-EXE-09";r2-02-execucao-duravel-e-resultados;"R2-EXE-01-S01;R2-EXE-01-S02;R2-EXE-01-S03;R2-EXE-03-S01;R2-EXE-03-S02;R2-EXE-03-S03;R2-EXE-09-S01;R2-EXE-09-S02;R2-EXE-09-S03";"r2-02-execucao-duravel-e-resultados:2.1/3.1;r2-02-execucao-duravel-e-resultados:2.3/3.3;r2-02-execucao-duravel-e-resultados:2.9/3.9";https://github.com/leandroclf/ai-hub/blob/a39d394b0d87185ed4cc3861c12ec45f2c302d9e/openspec/changes/hub-interoperabilidade-v4/specs/execucao-e-integracoes/spec.md#L322;Há parte do mecanismo ou artefato, mas cenários/invariantes normativos não estão integralmente comprovados.
EXE-16;UUIDv7, repetição e consulta futura;execucao-e-integracoes;PARCIAL_NAO_QUALIFICADO;"F-01;F-11";"hub/internal/orbita/handlers.go:95;hub/internal/orbita/handlers.go:279;hub/deploy/kong/kong.yml:4;hub/internal/orbita/handlers.go:168;hub/internal/orbita/handlers.go:187;hub/internal/orbita/handlers.go:242;hub/internal/platform/httpserver/httpserver.go:90";"R2-SEG-01;R2-EXE-02";"r2-01-identidade-e-isolamento;r2-02-execucao-duravel-e-resultados";"R2-SEG-01-S01;R2-SEG-01-S02;R2-SEG-01-S03;R2-EXE-02-S01;R2-EXE-02-S02;R2-EXE-02-S03";"r2-01-identidade-e-isolamento:2.1/3.1;r2-02-execucao-duravel-e-resultados:2.2/3.2";https://github.com/leandroclf/ai-hub/blob/a39d394b0d87185ed4cc3861c12ec45f2c302d9e/openspec/changes/hub-interoperabilidade-v4/specs/execucao-e-integracoes/spec.md#L350;Há parte do mecanismo ou artefato, mas cenários/invariantes normativos não estão integralmente comprovados.
DAD-01;Bancos e propriedade;persistencia-e-dados;PARCIAL_NAO_QUALIFICADO;F-30;"hub/deploy/postgres-init/01-init.sh:8;hub/deploy/docker-compose.yml:56;hub/migrations/core/0001_init.sql:7;hub/migrations/core/0001_init.sql:122";"R2-SEG-02;R2-DAD-04";"r2-01-identidade-e-isolamento;r2-07-objetos-dados-e-retencao";"R2-SEG-02-S01;R2-SEG-02-S02;R2-SEG-02-S03;R2-DAD-04-S01;R2-DAD-04-S02;R2-DAD-04-S03";"r2-01-identidade-e-isolamento:2.2/3.2;r2-07-objetos-dados-e-retencao:2.4/3.4";https://github.com/leandroclf/ai-hub/blob/a39d394b0d87185ed4cc3861c12ec45f2c302d9e/openspec/changes/hub-interoperabilidade-v4/specs/persistencia-e-dados/spec.md#L5;Há parte do mecanismo ou artefato, mas cenários/invariantes normativos não estão integralmente comprovados.
DAD-02;Modelo lógico mínimo;persistencia-e-dados;PARCIAL_NAO_QUALIFICADO;F-04;"hub/internal/orbita/handlers.go:178;hub/internal/orbita/handlers.go:213;hub/internal/orbita/dispatcher.go:78;hub/internal/orbita/store.go:74";R2-EXE-01;r2-02-execucao-duravel-e-resultados;"R2-EXE-01-S01;R2-EXE-01-S02;R2-EXE-01-S03";r2-02-execucao-duravel-e-resultados:2.1/3.1;https://github.com/leandroclf/ai-hub/blob/a39d394b0d87185ed4cc3861c12ec45f2c302d9e/openspec/changes/hub-interoperabilidade-v4/specs/persistencia-e-dados/spec.md#L23;Há parte do mecanismo ou artefato, mas cenários/invariantes normativos não estão integralmente comprovados.
DAD-03;Transações e referências;persistencia-e-dados;PARCIAL_NAO_QUALIFICADO;"F-04;F-07;F-08;F-24";"hub/internal/orbita/handlers.go:178;hub/internal/orbita/handlers.go:213;hub/internal/orbita/dispatcher.go:78;hub/internal/orbita/store.go:74;hub/internal/cometa/store.go:32;hub/internal/cometa/executor.go:100;hub/internal/cometa/store.go:85;hub/internal/dispatch/contract.go:40;hub/internal/cometa/executor.go:192;hub/internal/cometa/executor.go:219;hub/internal/libra/store.go:73;hub/internal/libra/store.go:100;hub/internal/libra/consumers.go:75";"R2-EXE-01;R2-EXE-02;R2-EXE-03;R2-FIN-03";"r2-02-execucao-duravel-e-resultados;r2-06-financeiro-auditavel";"R2-EXE-01-S01;R2-EXE-01-S02;R2-EXE-01-S03;R2-EXE-02-S01;R2-EXE-02-S02;R2-EXE-02-S03;R2-EXE-03-S01;R2-EXE-03-S02;R2-EXE-03-S03;R2-FIN-03-S01;R2-FIN-03-S02;R2-FIN-03-S03;R2-FIN-03-S04";"r2-02-execucao-duravel-e-resultados:2.1/3.1;r2-02-execucao-duravel-e-resultados:2.2/3.2;r2-02-execucao-duravel-e-resultados:2.3/3.3;r2-06-financeiro-auditavel:2.3/3.3";https://github.com/leandroclf/ai-hub/blob/a39d394b0d87185ed4cc3861c12ec45f2c302d9e/openspec/changes/hub-interoperabilidade-v4/specs/persistencia-e-dados/spec.md#L41;Há parte do mecanismo ou artefato, mas cenários/invariantes normativos não estão integralmente comprovados.
DAD-04;Resultado como fonte de consulta;persistencia-e-dados;PARCIAL_NAO_QUALIFICADO;"F-06;F-28";"hub/internal/cometa/executor.go:120;hub/internal/cometa/executor.go:192;hub/internal/cometa/executor.go:267;hub/internal/cometa/store.go:45;hub/internal/orbita/finalize.go:49;hub/internal/orbita/handlers.go:303;hub/test/e2e/e2e_test.go:163";"R2-EXE-04;R2-EXE-08;R2-ADM-08;R2-DAD-02";"r2-02-execucao-duravel-e-resultados;r2-05-console-administrativo;r2-07-objetos-dados-e-retencao";"R2-EXE-04-S01;R2-EXE-04-S02;R2-EXE-04-S03;R2-EXE-08-S01;R2-EXE-08-S02;R2-EXE-08-S03;R2-ADM-08-S01;R2-ADM-08-S02;R2-ADM-08-S03;R2-DAD-02-S01;R2-DAD-02-S02;R2-DAD-02-S03";"r2-02-execucao-duravel-e-resultados:2.4/3.4;r2-02-execucao-duravel-e-resultados:2.8/3.8;r2-05-console-administrativo:2.8/3.8;r2-07-objetos-dados-e-retencao:2.2/3.2";https://github.com/leandroclf/ai-hub/blob/a39d394b0d87185ed4cc3861c12ec45f2c302d9e/openspec/changes/hub-interoperabilidade-v4/specs/persistencia-e-dados/spec.md#L59;Há parte do mecanismo ou artefato, mas cenários/invariantes normativos não estão integralmente comprovados.
DAD-05;Arquivos e atomicidade com objetos;persistencia-e-dados;PARCIAL_NAO_QUALIFICADO;F-29;"hub/internal/objectstore/objectstore.go:43;hub/internal/objectstore/objectstore.go:56;hub/internal/objectstore/objectstore.go:79;hub/internal/orbita/handlers.go:114";"R2-DAD-01;R2-DAD-02";r2-07-objetos-dados-e-retencao;"R2-DAD-01-S01;R2-DAD-01-S02;R2-DAD-01-S03;R2-DAD-02-S01;R2-DAD-02-S02;R2-DAD-02-S03";"r2-07-objetos-dados-e-retencao:2.1/3.1;r2-07-objetos-dados-e-retencao:2.2/3.2";https://github.com/leandroclf/ai-hub/blob/a39d394b0d87185ed4cc3861c12ec45f2c302d9e/openspec/changes/hub-interoperabilidade-v4/specs/persistencia-e-dados/spec.md#L82;Há parte do mecanismo ou artefato, mas cenários/invariantes normativos não estão integralmente comprovados.
DAD-06;Retenção e expurgo;persistencia-e-dados;NAO_IMPLEMENTADO;F-30;"hub/deploy/postgres-init/01-init.sh:8;hub/deploy/docker-compose.yml:56;hub/migrations/core/0001_init.sql:7;hub/migrations/core/0001_init.sql:122";R2-DAD-03;r2-07-objetos-dados-e-retencao;"R2-DAD-03-S01;R2-DAD-03-S02;R2-DAD-03-S03";r2-07-objetos-dados-e-retencao:2.3/3.3;https://github.com/leandroclf/ai-hub/blob/a39d394b0d87185ed4cc3861c12ec45f2c302d9e/openspec/changes/hub-interoperabilidade-v4/specs/persistencia-e-dados/spec.md#L100;"Obrigação não implementada no escopo normativo; modelos/comentários isolados não a satisfazem."
DAD-07;Isolamento, recuperação e auditoria;persistencia-e-dados;PARCIAL_NAO_QUALIFICADO;"F-02;F-30;F-31";"hub/internal/orbita/handlers.go:53;hub/cmd/orbita/main.go:119;hub/internal/atlas/handlers.go:24;hub/deploy/docker-compose.yml:57;hub/deploy/postgres-init/01-init.sh:8;hub/deploy/docker-compose.yml:56;hub/migrations/core/0001_init.sql:7;hub/migrations/core/0001_init.sql:122;hub/deploy/docker-compose.yml:3;hub/deploy/docker-compose.yml:12;hub/deploy/docker-compose.yml:25;hub/admin-ui/README.md:1";"R2-SEG-02;R2-DAD-04;R2-DAD-05;R2-OPE-01";"r2-01-identidade-e-isolamento;r2-07-objetos-dados-e-retencao;r2-08-operacao-elastica-e-observavel";"R2-SEG-02-S01;R2-SEG-02-S02;R2-SEG-02-S03;R2-DAD-04-S01;R2-DAD-04-S02;R2-DAD-04-S03;R2-DAD-05-S01;R2-DAD-05-S02;R2-DAD-05-S03;R2-OPE-01-S01;R2-OPE-01-S02;R2-OPE-01-S03";"r2-01-identidade-e-isolamento:2.2/3.2;r2-07-objetos-dados-e-retencao:2.4/3.4;r2-07-objetos-dados-e-retencao:2.5/3.5;r2-08-operacao-elastica-e-observavel:2.1/3.1";https://github.com/leandroclf/ai-hub/blob/a39d394b0d87185ed4cc3861c12ec45f2c302d9e/openspec/changes/hub-interoperabilidade-v4/specs/persistencia-e-dados/spec.md#L118;Há parte do mecanismo ou artefato, mas cenários/invariantes normativos não estão integralmente comprovados.
DAD-08;Persistência adicional de contrato, prazo e pressão;persistencia-e-dados;PARCIAL_NAO_QUALIFICADO;"F-09;F-16";"hub/internal/orbita/store.go:204;hub/internal/orbita/deadline_timer.go:22;hub/internal/cometa/executor.go:267;hub/internal/cometa/worker.go:34;hub/internal/cometa/poller.go:41;hub/internal/pulsar/worker.go:51;hub/deploy/kong/kong.yml:18";"R2-CAT-06;R2-DAD-03";"r2-04-catalogo-produtos-e-contratos;r2-07-objetos-dados-e-retencao";"R2-CAT-06-S01;R2-CAT-06-S02;R2-CAT-06-S03;R2-DAD-03-S01;R2-DAD-03-S02;R2-DAD-03-S03";"r2-04-catalogo-produtos-e-contratos:2.6/3.6;r2-07-objetos-dados-e-retencao:2.3/3.3";https://github.com/leandroclf/ai-hub/blob/a39d394b0d87185ed4cc3861c12ec45f2c302d9e/openspec/changes/hub-interoperabilidade-v4/specs/persistencia-e-dados/spec.md#L136;Há parte do mecanismo ou artefato, mas cenários/invariantes normativos não estão integralmente comprovados.
DAD-09;Dependência mínima de escrita, sem custódia fictícia;persistencia-e-dados;PARCIAL_NAO_QUALIFICADO;F-14;"hub/cmd/cometa/main.go:43;hub/internal/providerauth/client.go:88;hub/cmd/orbita/main.go:54;hub/internal/atlasclient/client.go:131";"R2-EXE-01;R2-EXE-09;R2-DAD-02;R2-OPE-06";"r2-02-execucao-duravel-e-resultados;r2-07-objetos-dados-e-retencao;r2-08-operacao-elastica-e-observavel";"R2-EXE-01-S01;R2-EXE-01-S02;R2-EXE-01-S03;R2-EXE-09-S01;R2-EXE-09-S02;R2-EXE-09-S03;R2-DAD-02-S01;R2-DAD-02-S02;R2-DAD-02-S03;R2-OPE-06-S01;R2-OPE-06-S02;R2-OPE-06-S03";"r2-02-execucao-duravel-e-resultados:2.1/3.1;r2-02-execucao-duravel-e-resultados:2.9/3.9;r2-07-objetos-dados-e-retencao:2.2/3.2;r2-08-operacao-elastica-e-observavel:2.6/3.6";https://github.com/leandroclf/ai-hub/blob/a39d394b0d87185ed4cc3861c12ec45f2c302d9e/openspec/changes/hub-interoperabilidade-v4/specs/persistencia-e-dados/spec.md#L159;Há parte do mecanismo ou artefato, mas cenários/invariantes normativos não estão integralmente comprovados.
DAD-10;Cache dispensável e continuidade de leitura;persistencia-e-dados;PARCIAL_NAO_QUALIFICADO;"F-14;F-35";"hub/cmd/cometa/main.go:43;hub/internal/providerauth/client.go:88;hub/cmd/orbita/main.go:54;hub/internal/atlasclient/client.go:131;hub/internal/platform/httpserver/httpserver.go:86;hub/cmd/orbita/main.go:115;hub/cmd/cometa/main.go:52;hub/deploy/k8s/orbita.yaml:82";"R2-INT-03;R2-CAT-06;R2-DAD-04;R2-OPE-06";"r2-03-integracoes-credenciais-e-pressao;r2-04-catalogo-produtos-e-contratos;r2-07-objetos-dados-e-retencao;r2-08-operacao-elastica-e-observavel";"R2-INT-03-S01;R2-INT-03-S02;R2-INT-03-S03;R2-CAT-06-S01;R2-CAT-06-S02;R2-CAT-06-S03;R2-DAD-04-S01;R2-DAD-04-S02;R2-DAD-04-S03;R2-OPE-06-S01;R2-OPE-06-S02;R2-OPE-06-S03";"r2-03-integracoes-credenciais-e-pressao:2.3/3.3;r2-04-catalogo-produtos-e-contratos:2.6/3.6;r2-07-objetos-dados-e-retencao:2.4/3.4;r2-08-operacao-elastica-e-observavel:2.6/3.6";https://github.com/leandroclf/ai-hub/blob/a39d394b0d87185ed4cc3861c12ec45f2c302d9e/openspec/changes/hub-interoperabilidade-v4/specs/persistencia-e-dados/spec.md#L177;Há parte do mecanismo ou artefato, mas cenários/invariantes normativos não estão integralmente comprovados.
DAD-11;Dados, placement e crescimento de células;persistencia-e-dados;NAO_IMPLEMENTADO;F-33;"hub/migrations/control/0001_init.sql:62;hub/deploy/terraform/main.tf:517;hub/deploy/terraform/crossplane/composition.yaml:272;hub/deploy/terraform/main.tf:736";"R2-CAT-08;R2-FIN-03;R2-OPE-04;R2-OPE-05";"r2-04-catalogo-produtos-e-contratos;r2-06-financeiro-auditavel;r2-08-operacao-elastica-e-observavel";"R2-CAT-08-S01;R2-CAT-08-S02;R2-CAT-08-S03;R2-FIN-03-S01;R2-FIN-03-S02;R2-FIN-03-S03;R2-FIN-03-S04;R2-OPE-04-S01;R2-OPE-04-S02;R2-OPE-04-S03;R2-OPE-05-S01;R2-OPE-05-S02;R2-OPE-05-S03";"r2-04-catalogo-produtos-e-contratos:2.8/3.8;r2-06-financeiro-auditavel:2.3/3.3;r2-08-operacao-elastica-e-observavel:2.4/3.4;r2-08-operacao-elastica-e-observavel:2.5/3.5";https://github.com/leandroclf/ai-hub/blob/a39d394b0d87185ed4cc3861c12ec45f2c302d9e/openspec/changes/hub-interoperabilidade-v4/specs/persistencia-e-dados/spec.md#L200;"Obrigação não implementada no escopo normativo; modelos/comentários isolados não a satisfazem."
QUA-01;Estratégia de engenharia;qualidade-e-aceite;PARCIAL_NAO_QUALIFICADO;"F-19;F-31;F-38";"hub/deploy/import_hiveplace_collection.sh:38;hub/deploy/import_hiveplace_collection.sh:58;hub/internal/cometa/executor.go:120;hub/migrations/control/0003_provider_api_catalog.sql:4;hub/deploy/docker-compose.yml:3;hub/deploy/docker-compose.yml:12;hub/deploy/docker-compose.yml:25;hub/admin-ui/README.md:1;hub/test/e2e/e2e_test.go:78;hub/test/e2e/e2e_test.go:152;hub/test/e2e/e2e_test.go:230;hub/internal/atlas/handlers_test.go:5";"R2-CAT-07;R2-OPE-01;R2-QUA-02";"r2-04-catalogo-produtos-e-contratos;r2-08-operacao-elastica-e-observavel;r2-09-qualificacao-e-rastreabilidade";"R2-CAT-07-S01;R2-CAT-07-S02;R2-CAT-07-S03;R2-OPE-01-S01;R2-OPE-01-S02;R2-OPE-01-S03;R2-QUA-02-S01;R2-QUA-02-S02;R2-QUA-02-S03";"r2-04-catalogo-produtos-e-contratos:2.7/3.7;r2-08-operacao-elastica-e-observavel:2.1/3.1;r2-09-qualificacao-e-rastreabilidade:2.2/3.2";https://github.com/leandroclf/ai-hub/blob/a39d394b0d87185ed4cc3861c12ec45f2c302d9e/openspec/changes/hub-interoperabilidade-v4/specs/qualidade-e-aceite/spec.md#L5;Há parte do mecanismo ou artefato, mas cenários/invariantes normativos não estão integralmente comprovados.
QUA-02;Casos críticos de falha e concorrência;qualidade-e-aceite;PARCIAL_NAO_QUALIFICADO;F-38;"hub/test/e2e/e2e_test.go:78;hub/test/e2e/e2e_test.go:152;hub/test/e2e/e2e_test.go:230;hub/internal/atlas/handlers_test.go:5";R2-QUA-02;r2-09-qualificacao-e-rastreabilidade;"R2-QUA-02-S01;R2-QUA-02-S02;R2-QUA-02-S03";r2-09-qualificacao-e-rastreabilidade:2.2/3.2;https://github.com/leandroclf/ai-hub/blob/a39d394b0d87185ed4cc3861c12ec45f2c302d9e/openspec/changes/hub-interoperabilidade-v4/specs/qualidade-e-aceite/spec.md#L28;Há parte do mecanismo ou artefato, mas cenários/invariantes normativos não estão integralmente comprovados.
QUA-03;Critérios de aceite e evidência;qualidade-e-aceite;PARCIAL_NAO_QUALIFICADO;"F-22;F-38;F-39";"hub/admin-ui/src/pages/ServicesPage.tsx:81;hub/admin-ui/src/pages/ServicesPage.tsx:122;hub/admin-ui/src/pages/ProviderAccountsPage.tsx:97;hub/admin-ui/src/pages/CredentialBindingsPage.tsx:116;hub/test/e2e/e2e_test.go:78;hub/test/e2e/e2e_test.go:152;hub/test/e2e/e2e_test.go:230;hub/internal/atlas/handlers_test.go:5;openspec/changes/hub-interoperabilidade-v4/TRACEABILITY.md:68;openspec/changes/hub-interoperabilidade-v4/TRACEABILITY.md:84;openspec/changes/hub-interoperabilidade-v4/TRACEABILITY.md:138;openspec/changes/hub-interoperabilidade-v4/tasks.md:1";"R2-ADM-12;R2-QUA-01;R2-QUA-04";"r2-05-console-administrativo;r2-09-qualificacao-e-rastreabilidade";"R2-ADM-12-S01;R2-ADM-12-S02;R2-ADM-12-S03;R2-QUA-01-S01;R2-QUA-01-S02;R2-QUA-01-S03;R2-QUA-04-S01;R2-QUA-04-S02;R2-QUA-04-S03";"r2-05-console-administrativo:2.12/3.12;r2-09-qualificacao-e-rastreabilidade:2.1/3.1;r2-09-qualificacao-e-rastreabilidade:2.4/3.4";https://github.com/leandroclf/ai-hub/blob/a39d394b0d87185ed4cc3861c12ec45f2c302d9e/openspec/changes/hub-interoperabilidade-v4/specs/qualidade-e-aceite/spec.md#L76;Há parte do mecanismo ou artefato, mas cenários/invariantes normativos não estão integralmente comprovados.
QUA-04;Gates e definição de pronto;qualidade-e-aceite;PARCIAL_NAO_QUALIFICADO;"F-38;F-39;F-40";"hub/test/e2e/e2e_test.go:78;hub/test/e2e/e2e_test.go:152;hub/test/e2e/e2e_test.go:230;hub/internal/atlas/handlers_test.go:5;openspec/changes/hub-interoperabilidade-v4/TRACEABILITY.md:68;openspec/changes/hub-interoperabilidade-v4/TRACEABILITY.md:84;openspec/changes/hub-interoperabilidade-v4/TRACEABILITY.md:138;openspec/changes/hub-interoperabilidade-v4/tasks.md:1;hub/go.mod:3;hub/deploy/Dockerfile:5;hub/deploy/terraform/variables.tf:121;hub/admin-ui/package.json:6;hub/api/asyncapi.yaml:83";"R2-ADM-12;R2-OPE-08;R2-QUA-01;R2-QUA-03";"r2-05-console-administrativo;r2-08-operacao-elastica-e-observavel;r2-09-qualificacao-e-rastreabilidade";"R2-ADM-12-S01;R2-ADM-12-S02;R2-ADM-12-S03;R2-OPE-08-S01;R2-OPE-08-S02;R2-OPE-08-S03;R2-QUA-01-S01;R2-QUA-01-S02;R2-QUA-01-S03;R2-QUA-03-S01;R2-QUA-03-S02;R2-QUA-03-S03";"r2-05-console-administrativo:2.12/3.12;r2-08-operacao-elastica-e-observavel:2.8/3.8;r2-09-qualificacao-e-rastreabilidade:2.1/3.1;r2-09-qualificacao-e-rastreabilidade:2.3/3.3";https://github.com/leandroclf/ai-hub/blob/a39d394b0d87185ed4cc3861c12ec45f2c302d9e/openspec/changes/hub-interoperabilidade-v4/specs/qualidade-e-aceite/spec.md#L104;Há parte do mecanismo ou artefato, mas cenários/invariantes normativos não estão integralmente comprovados.
QUA-05;Qualificação dos incrementos v3;qualidade-e-aceite;PARCIAL_NAO_QUALIFICADO;F-38;"hub/test/e2e/e2e_test.go:78;hub/test/e2e/e2e_test.go:152;hub/test/e2e/e2e_test.go:230;hub/internal/atlas/handlers_test.go:5";R2-QUA-02;r2-09-qualificacao-e-rastreabilidade;"R2-QUA-02-S01;R2-QUA-02-S02;R2-QUA-02-S03";r2-09-qualificacao-e-rastreabilidade:2.2/3.2;https://github.com/leandroclf/ai-hub/blob/a39d394b0d87185ed4cc3861c12ec45f2c302d9e/openspec/changes/hub-interoperabilidade-v4/specs/qualidade-e-aceite/spec.md#L132;Há parte do mecanismo ou artefato, mas cenários/invariantes normativos não estão integralmente comprovados.
QUA-06;Qualificação integrada da v4;qualidade-e-aceite;PARCIAL_NAO_QUALIFICADO;"F-37;F-38";"hub/deploy/k8s/README.md:106;hub/evidence/EVIDENCE.md:1;hub/test/e2e/e2e_test.go:9;hub/test/e2e/e2e_test.go:78;hub/test/e2e/e2e_test.go:152;hub/test/e2e/e2e_test.go:230;hub/internal/atlas/handlers_test.go:5";"R2-QUA-02;R2-QUA-03";r2-09-qualificacao-e-rastreabilidade;"R2-QUA-02-S01;R2-QUA-02-S02;R2-QUA-02-S03;R2-QUA-03-S01;R2-QUA-03-S02;R2-QUA-03-S03";"r2-09-qualificacao-e-rastreabilidade:2.2/3.2;r2-09-qualificacao-e-rastreabilidade:2.3/3.3";https://github.com/leandroclf/ai-hub/blob/a39d394b0d87185ed4cc3861c12ec45f2c302d9e/openspec/changes/hub-interoperabilidade-v4/specs/qualidade-e-aceite/spec.md#L185;Há parte do mecanismo ou artefato, mas cenários/invariantes normativos não estão integralmente comprovados.
