cenario;requisito;change;nome;given;when;then;status;tarefa_implementacao;tarefa_prova
R2-SEG-01-S01;R2-SEG-01;r2-01-identidade-e-isolamento;Cliente autorizado;token válido de A e oferta de A;A admite e consulta seu protocolo;o Hub autoriza somente a aplicação e os recursos concedidos;NAO_EXECUTADO_NESTA_ENTREGA;2.1;3.1
R2-SEG-01-S02;R2-SEG-01;r2-01-identidade-e-isolamento;Tentativa entre tenants;token de A e protocolo de B;A altera X-Tenant-Id, tenant_id, filtros ou cursor para B;o Hub não retorna dados de B e registra a negação sem revelar sua existência;NAO_EXECUTADO_NESTA_ENTREGA;2.1;3.1
R2-SEG-01-S03;R2-SEG-01;r2-01-identidade-e-isolamento;Token inválido;token expirado, emissor ou audience incorretos;uma API pública ou administrativa é chamada;"o Hub responde 401 antes de qualquer efeito; token válido sem escopo recebe 403";NAO_EXECUTADO_NESTA_ENTREGA;2.1;3.1
R2-SEG-02-S01;R2-SEG-02;r2-01-identidade-e-isolamento;Chamada interna permitida;Órbita autenticada com escopo de despacho da célula A;chama Cometa na mesma célula;Cometa valida identidade e contexto antes de aceitar comando;NAO_EXECUTADO_NESTA_ENTREGA;2.2;3.2
R2-SEG-02-S02;R2-SEG-02;r2-01-identidade-e-isolamento;Bypass pela porta interna;cliente ou workload sem escopo conhece rota internal;tenta ler protocolos ou reservar saldo;a ação é negada mesmo dentro da rede do cluster;NAO_EXECUTADO_NESTA_ENTREGA;2.2;3.2
R2-SEG-02-S03;R2-SEG-02;r2-01-identidade-e-isolamento;Pool reutilizado;conexão anteriormente usada por A é devolvida ao pool;a aplicação atende B nessa conexão;políticas e contexto transacional impedem acesso residual a A;NAO_EXECUTADO_NESTA_ENTREGA;2.2;3.2
R2-SEG-03-S01;R2-SEG-03;r2-01-identidade-e-isolamento;Diagnóstico de desenvolvedor;usuário individual com MFA e hub_protocol_reader;informa protocolo e justificativa na consulta administrativa;recebe visão permitida e mascarada com auditoria de autor, tenant, finalidade e horário;NAO_EXECUTADO_NESTA_ENTREGA;2.3;3.3
R2-SEG-03-S02;R2-SEG-03;r2-01-identidade-e-isolamento;Sem elevação implícita;usuário só com hub_protocol_reader;tenta publicar contrato, replay ou consultar segredo;o servidor nega a ação e o console não oferece permissão de escrita;NAO_EXECUTADO_NESTA_ENTREGA;2.3;3.3
R2-SEG-03-S03;R2-SEG-03;r2-01-identidade-e-isolamento;Auditoria indisponível;leitura administrativa de dados sensíveis exige auditoria durável;a trilha não pode ser registrada;essa leitura é negada de forma controlada sem interromper consultas públicas elegíveis;NAO_EXECUTADO_NESTA_ENTREGA;2.3;3.3
R2-SEG-04-S01;R2-SEG-04;r2-01-identidade-e-isolamento;Destino homologado;endpoint HTTPS no perfil autorizado;é validado e utilizado;TLS e destino efetivo são verificados e a política aplicada fica rastreável;NAO_EXECUTADO_NESTA_ENTREGA;2.4;3.4
R2-SEG-04-S02;R2-SEG-04;r2-01-identidade-e-isolamento;SSRF e rebinding;URL aponta ou passa a resolver para rede não autorizada/metadados;o envio é tentado ou redirecionado;o Hub bloqueia antes da conexão não permitida e não expõe segredo;NAO_EXECUTADO_NESTA_ENTREGA;2.4;3.4
R2-SEG-04-S03;R2-SEG-04;r2-01-identidade-e-isolamento;Rede privada legítima;provedor privado tem perfil de rede autorizado;o conector o acessa;a permissão é limitada ao destino/porta/identidade aprovados, sem exceção global a redes privadas;NAO_EXECUTADO_NESTA_ENTREGA;2.4;3.4
R2-SEG-05-S01;R2-SEG-05;r2-01-identidade-e-isolamento;Alteração atribuível;editor autorizado publica versão validada;a alteração é confirmada;a trilha permite identificar autor, diff mascarado e versão publicada;NAO_EXECUTADO_NESTA_ENTREGA;2.5;3.5
R2-SEG-05-S02;R2-SEG-05;r2-01-identidade-e-isolamento;Sessão termina;página tem dados sensíveis carregados;sessão expira, usuário sai ou identidade muda;dados são removidos do estado da UI e novas ações exigem autenticação;NAO_EXECUTADO_NESTA_ENTREGA;2.5;3.5
R2-SEG-05-S03;R2-SEG-05;r2-01-identidade-e-isolamento;Falha de backend;banco ou cofre retorna detalhe interno;UI recebe erro;a resposta contém código tratável e correlação, sem DSN, token, stack ou segredo;NAO_EXECUTADO_NESTA_ENTREGA;2.5;3.5
R2-EXE-01-S01;R2-EXE-01;r2-02-execucao-duravel-e-resultados;Crash após aceite;intenção e protocolo foram confirmados mas broker ainda não recebeu;o processo reinicia;a obrigação é recuperada e executada conforme prazo, sem novo pedido do cliente;NAO_EXECUTADO_NESTA_ENTREGA;2.1;3.1
R2-EXE-01-S02;R2-EXE-01;r2-02-execucao-duravel-e-resultados;Broker indisponível;writer e capacidade de backlog estão elegíveis;é admitido ASYNC durante falha temporária do broker;"202 só ocorre com intenção recuperável; ao alcançar limite de capacidade, novas admissões são recusadas explicitamente";NAO_EXECUTADO_NESTA_ENTREGA;2.1;3.1
R2-EXE-01-S03;R2-EXE-01;r2-02-execucao-duravel-e-resultados;Commit incerto;conexão cai durante commit do aceite;o cliente repete a mesma chave;o Hub resolve pela autoridade de idempotência, sem afirmar não execução nem criar outro efeito;NAO_EXECUTADO_NESTA_ENTREGA;2.1;3.1
R2-EXE-02-S01;R2-EXE-02;r2-02-execucao-duravel-e-resultados;Concorrência real;duas conexões enviam mesma chave e conteúdo simultaneamente;ambas disputam unicidade;"as respostas identificam um único protocolo; conflito SQL não vira segunda execução nem 503 indevido";NAO_EXECUTADO_NESTA_ENTREGA;2.2;3.2
R2-EXE-02-S02;R2-EXE-02;r2-02-execucao-duravel-e-resultados;Chave divergente;uma chave já possui aceite;chega conteúdo semanticamente diferente;409 identifica conflito sem substituir conteúdo anterior nem revelar dados de outro tenant;NAO_EXECUTADO_NESTA_ENTREGA;2.2;3.2
R2-EXE-02-S03;R2-EXE-02;r2-02-execucao-duravel-e-resultados;Erro após aceite;protocolo foi conservado;reserva, transporte SYNC ou finalização falha;"o erro expõe UUID e consulta quando o aceite é conhecido; retry usa a mesma chave";NAO_EXECUTADO_NESTA_ENTREGA;2.2;3.2
R2-EXE-03-S01;R2-EXE-03;r2-02-execucao-duravel-e-resultados;Dois executores;fila e DIRECT/recuperação apresentam mesmo command_id;dois pods tentam executar;"apenas o dono válido envia; outro consulta a operação durável";NAO_EXECUTADO_NESTA_ENTREGA;2.3;3.3
R2-EXE-03-S02;R2-EXE-03;r2-02-execucao-duravel-e-resultados;Crash após envio;provedor pode ter executado, mas resposta não foi conservada;worker morre e lease expira;"operação fica UNKNOWN para reconciliação; não há novo submit nem failover cego";NAO_EXECUTADO_NESTA_ENTREGA;2.3;3.3
R2-EXE-03-S03;R2-EXE-03;r2-02-execucao-duravel-e-resultados;Fencing antigo;executor antigo volta após takeover;tenta gravar estado ou enviar usando epoch vencido;"sua ação é rejeitada; lease expirada não prova ausência de efeito já enviado";NAO_EXECUTADO_NESTA_ENTREGA;2.3;3.3
R2-EXE-04-S01;R2-EXE-04;r2-02-execucao-duravel-e-resultados;Conteúdo real;entrada contém input_marker e provedor devolve result_marker diferente;operação termina em SYNC ou ASYNC;resultado contém result_marker e não substitui a resposta pelo input;NAO_EXECUTADO_NESTA_ENTREGA;2.4;3.4
R2-EXE-04-S02;R2-EXE-04;r2-02-execucao-duravel-e-resultados;Resposta inválida;provedor devolve 200 com corpo vazio, estado desconhecido ou schema inválido;Cometa valida a observação;"não publica SUCCEEDED; registra erro de contrato e evidência permitida para reconciliação";NAO_EXECUTADO_NESTA_ENTREGA;2.4;3.4
R2-EXE-04-S03;R2-EXE-04;r2-02-execucao-duravel-e-resultados;Commit falha;resposta externa válida foi recebida;persistência de estado, corpo ou outbox falha;"Cometa não declara fato durável; mantém obrigação recuperável e sem novo submit automático";NAO_EXECUTADO_NESTA_ENTREGA;2.4;3.4
R2-EXE-05-S01;R2-EXE-05;r2-02-execucao-duravel-e-resultados;Efeito falha;Órbita, Cometa, Pulsar ou Libra não consegue confirmar seu efeito;recebe uma mensagem válida;"não remove a mensagem; retry posterior conclui o efeito uma vez";NAO_EXECUTADO_NESTA_ENTREGA;2.5;3.5
R2-EXE-05-S02;R2-EXE-05;r2-02-execucao-duravel-e-resultados;Reentrega após commit;commit concluiu, ACK se perdeu;broker entrega novamente event_id;inbox reconhece efeito confirmado e ACK não duplica operação, delivery ou lançamento;NAO_EXECUTADO_NESTA_ENTREGA;2.5;3.5
R2-EXE-05-S03;R2-EXE-05;r2-02-execucao-duravel-e-resultados;Schema desconhecido;evento não é compatível com consumidor;o evento chega;"original sanitizado e metadados ficam em quarentena; alerta e replay autorizado preservam a identidade de origem";NAO_EXECUTADO_NESTA_ENTREGA;2.5;3.5
R2-EXE-06-S01;R2-EXE-06;r2-02-execucao-duravel-e-resultados;Timer atrasado;timer está pausado e o deadline já passou;chega final tecnicamente bem-sucedido;o Hub não publica sucesso e materializa/recupera encerramento por SLA com recibo tardio;NAO_EXECUTADO_NESTA_ENTREGA;2.6;3.6
R2-EXE-06-S02;R2-EXE-06;r2-02-execucao-duravel-e-resultados;Commit cruza o limite;transação começou antes do deadline e sua confirmação durável termina depois;o Hub arbitra final versus expiração;"o início antecipado não torna sucesso elegível; evento de sucesso não escapa pelo relay";NAO_EXECUTADO_NESTA_ENTREGA;2.6;3.6
R2-EXE-06-S03;R2-EXE-06;r2-02-execucao-duravel-e-resultados;Final e expiração concorrentes;callback, polling e timer disputam o protocolo;a confirmação ocorre antes, na igualdade ou depois do prazo em execuções separadas;há exatamente um terminal contratual por execução e todas as observações são preservadas;NAO_EXECUTADO_NESTA_ENTREGA;2.6;3.6
R2-EXE-06-S04;R2-EXE-06;r2-02-execucao-duravel-e-resultados;Resultado tardio custoso;protocolo EXPIRED possui compra por execução externa;provedor confirma final depois do prazo;"GET e webhook conservam o erro final; Libra considera apenas o custo elegível e a contestação";NAO_EXECUTADO_NESTA_ENTREGA;2.6;3.6
R2-EXE-07-S01;R2-EXE-07;r2-02-execucao-duravel-e-resultados;SYNC com broker parado;oferta SYNC homologada e dependências autoritativas disponíveis;cliente solicita SYNC durante falha de broker;"recebe final durável na mesma conexão; fatos posteriores ficam na outbox";NAO_EXECUTADO_NESTA_ENTREGA;2.7;3.7
R2-EXE-07-S02;R2-EXE-07;r2-02-execucao-duravel-e-resultados;Natureza incompatível;provedor só conclui assincronamente e oferta não qualifica SYNC;cliente solicita SYNC;admissão é recusada com motivo antes de efeito, sem escolher ASYNC por conta própria;NAO_EXECUTADO_NESTA_ENTREGA;2.7;3.7
R2-EXE-07-S03;R2-EXE-07;r2-02-execucao-duravel-e-resultados;AUTO rápido e lento;oferta AUTO tem espera configurada e intenção QUEUED;uma execução conclui dentro da espera e outra depois;"a primeira retorna final; a segunda 202 com UUID; ambas têm um único despacho e deadline inalterado";NAO_EXECUTADO_NESTA_ENTREGA;2.7;3.7
R2-EXE-07-S04;R2-EXE-07;r2-02-execucao-duravel-e-resultados;Cliente desconecta;efeito externo foi enviado em SYNC;conexão do cliente é encerrada;"custódia/reconciliação continua com contexto interno limitado; retry e GET recuperam a mesma identidade";NAO_EXECUTADO_NESTA_ENTREGA;2.7;3.7
R2-EXE-08-S01;R2-EXE-08;r2-02-execucao-duravel-e-resultados;Igualdade completa;protocolo possui representação final v1 ou perfil legado;são obtidos POST final, GET e duas tentativas de webhook;corpos completos são idênticos ao hash persistido, inclusive wrapper e result_version, e HMAC verifica os mesmos bytes;NAO_EXECUTADO_NESTA_ENTREGA;2.8;3.8
R2-EXE-08-S02;R2-EXE-08;r2-02-execucao-duravel-e-resultados;Upgrade e mudança de contrato;um final foi materializado na versão antiga;software e contrato são atualizados;"consulta e reentrega desse protocolo preservam bytes antigos; novos protocolos usam o perfil novo";NAO_EXECUTADO_NESTA_ENTREGA;2.8;3.8
R2-EXE-08-S03;R2-EXE-08;r2-02-execucao-duravel-e-resultados;Resultado pendente ou expirado;protocolo ainda está em andamento ou já EXPIRED;cliente autorizado consulta;"recebe 200 com estado contratado local; consulta não faz polling no provedor nem mascara atraso como sucesso";NAO_EXECUTADO_NESTA_ENTREGA;2.8;3.8
R2-EXE-09-S01;R2-EXE-09;r2-02-execucao-duravel-e-resultados;Protocolo órfão de despacho;aceite existe e nenhum executor o recebeu;scanner verifica idade e intenção;recupera mesma obrigação se elegível ou encerra contratualmente, com diagnóstico da causa;NAO_EXECUTADO_NESTA_ENTREGA;2.9;3.9
R2-EXE-09-S02;R2-EXE-09;r2-02-execucao-duravel-e-resultados;Parceiro sem consulta idempotente;operação ficou UNKNOWN após envio;recuperação não consegue demonstrar ausência de efeito;"mantém pendência explícita e acionável; não reenvia nem libera hold por suposição";NAO_EXECUTADO_NESTA_ENTREGA;2.9;3.9
R2-EXE-09-S03;R2-EXE-09;r2-02-execucao-duravel-e-resultados;Callback antes da associação;recibo válido chega antes de provider_request_id ser associado;associação torna-se durável depois;recibo é reconciliado sem perda ou segunda operação;NAO_EXECUTADO_NESTA_ENTREGA;2.9;3.9
R2-INT-01-S01;R2-INT-01;r2-03-integracoes-credenciais-e-pressao;REST real distinto do simulador;serviço homologado requer GET /consulta/{id} ou POST /analise com corpo próprio;cliente usa a oferta;conector envia método/path/corpo homologados e valida resposta, sem chamar /v1/operations do simulador;NAO_EXECUTADO_NESTA_ENTREGA;2.1;3.1
R2-INT-01-S02;R2-INT-01;r2-03-integracoes-credenciais-e-pressao;Capacidade ausente;catálogo importado não possui adapter ou contrato validado;operador tenta publicar oferta;validação lista bloqueios e não anuncia o endpoint como integração pronta;NAO_EXECUTADO_NESTA_ENTREGA;2.1;3.1
R2-INT-01-S03;R2-INT-01;r2-03-integracoes-credenciais-e-pressao;Protocolo especializado;perfil exige SOAP/XML, SFTP ou gRPC;não existe adapter homologado para ele;"capacidade fica não disponível; suporte futuro exige adapter e ensaio específico, sem simulação silenciosa via REST";NAO_EXECUTADO_NESTA_ENTREGA;2.1;3.1
R2-INT-02-S01;R2-INT-02;r2-03-integracoes-credenciais-e-pressao;Dois clientes na mesma conta;A e B têm vínculos dedicados e credenciais diferentes;executam simultaneamente na mesma provider_account;provedor identifica os principais corretos e nenhum token/certificado cruza clientes;NAO_EXECUTADO_NESTA_ENTREGA;2.2;3.2
R2-INT-02-S02;R2-INT-02;r2-03-integracoes-credenciais-e-pressao;Vínculo dedicado indisponível;cliente exige modo dedicado e vínculo está revogado;operação tenta iniciar;"é recusada antes do submit; não usa credencial de conta compartilhada";NAO_EXECUTADO_NESTA_ENTREGA;2.2;3.2
R2-INT-02-S03;R2-INT-02;r2-03-integracoes-credenciais-e-pressao;Rotação e cache;token existe para versão 1 e binding passa à versão 2;nova tentativa é autorizada pela política de rotação;"cache antigo não é reutilizado indevidamente; operação já aceita conserva conta, snapshot e pagador";NAO_EXECUTADO_NESTA_ENTREGA;2.2;3.2
R2-INT-03-S01;R2-INT-03;r2-03-integracoes-credenciais-e-pressao;mTLS comprovado;provedor exige certificado cliente válido;workload usa perfil homologado;"handshake prova certificado correto; certificado ausente/inválido é rejeitado, mesmo com header de referência";NAO_EXECUTADO_NESTA_ENTREGA;2.3;3.3
R2-INT-03-S02;R2-INT-03;r2-03-integracoes-credenciais-e-pressao;Redis ausente;cofre ou L1 ainda oferece material válido e provedor de identidade está elegível;Redis cai ou Cometa reinicia sem Redis;operação segue sem consultar Redis para tokens e sem panic por cache;NAO_EXECUTADO_NESTA_ENTREGA;2.3;3.3
R2-INT-03-S03;R2-INT-03;r2-03-integracoes-credenciais-e-pressao;Cofre indisponível;material L1 está expirado ou revogado;nova tentativa precisa de segredo;"operação afetada aguarda/recusa dentro da política sem credencial inválida; outras contas elegíveis continuam";NAO_EXECUTADO_NESTA_ENTREGA;2.3;3.3
R2-INT-04-S01;R2-INT-04;r2-03-integracoes-credenciais-e-pressao;Ativação de polling;provedor ASYNC homologado possui status endpoint;operador habilita polling por nova versão de configuração;novas operações recebem agenda retomável e consultas autenticadas, sem deploy de código para o caso suportado;NAO_EXECUTADO_NESTA_ENTREGA;2.4;3.4
R2-INT-04-S02;R2-INT-04;r2-03-integracoes-credenciais-e-pressao;Resposta pendente saudável;status 200 indica PENDING e callback não chegou;cliente atinge deadline;"protocolo expira conforme contrato; polling saudável não renova o SLA";NAO_EXECUTADO_NESTA_ENTREGA;2.4;3.4
R2-INT-04-S03;R2-INT-04;r2-03-integracoes-credenciais-e-pressao;Polling e callback concorrentes;ambos observam final da mesma operação;três réplicas processam recibos duplicados e conflitantes;"uma transição vence conforme identidade/versão/prazo; demais recibos ficam classificados e divergência gera diagnóstico";NAO_EXECUTADO_NESTA_ENTREGA;2.4;3.4
R2-INT-04-S04;R2-INT-04;r2-03-integracoes-credenciais-e-pressao;Falha de recibo;callback autenticado chegou;writer não confirma a custódia;"ACK 2xx não é emitido; o parceiro pode retransmitir conforme contrato";NAO_EXECUTADO_NESTA_ENTREGA;2.4;3.4
R2-INT-05-S01;R2-INT-05;r2-03-integracoes-credenciais-e-pressao;TTL zero;política tem retry_ttl_seconds=0;ocorre primeira indisponibilidade transitória comprovadamente sem efeito;não se agenda novo submit e o encerramento segue contrato;NAO_EXECUTADO_NESTA_ENTREGA;2.5;3.5
R2-INT-05-S02;R2-INT-05;r2-03-integracoes-credenciais-e-pressao;Reinício no meio da janela;primeiro erro fixou retry_until;pod reinicia ou rota equivalente muda;prazo original é preservado e nenhuma tentativa começa sem orçamento restante;NAO_EXECUTADO_NESTA_ENTREGA;2.5;3.5
R2-INT-05-S03;R2-INT-05;r2-03-integracoes-credenciais-e-pressao;429 com espera incompatível;Retry-After é maior que a janela restante;controlador considera nova tentativa;"não viola o pedido de espera nem ultrapassa prazo para tentar; encerra ou reconcilia conforme efeito";NAO_EXECUTADO_NESTA_ENTREGA;2.5;3.5
R2-INT-05-S04;R2-INT-05;r2-03-integracoes-credenciais-e-pressao;Timeout após envio;não é possível provar se provedor executou;há TTL ainda disponível;somente consulta/reconciliação segura é permitida antes de autorizar nova execução;NAO_EXECUTADO_NESTA_ENTREGA;2.5;3.5
R2-INT-06-S01;R2-INT-06;r2-03-integracoes-credenciais-e-pressao;Provedor degrada;taxa está estável e há demanda;aumentam timeouts/503 e p95 de resposta;controlador diminui admissão externa, preserva piso de reconciliação e expõe motivo/limite/medidas;NAO_EXECUTADO_NESTA_ENTREGA;2.6;3.6
R2-INT-06-S02;R2-INT-06;r2-03-integracoes-credenciais-e-pressao;Provedor escala;erros cessam, latência recupera e há demanda;passam janelas de estabilidade configuradas;a taxa sobe gradualmente por sondagem até capacidade segura/teto, sem ficar presa ao limite antigo;NAO_EXECUTADO_NESTA_ENTREGA;2.6;3.6
R2-INT-06-S03;R2-INT-06;r2-03-integracoes-credenciais-e-pressao;Três réplicas e partição;mesmo domínio é usado por três executores;coordenador de quota fica indisponível;"soma das permissões ainda válidas não excede orçamento; sem lease válido não há novos envios e outras contas isoladas seguem";NAO_EXECUTADO_NESTA_ENTREGA;2.6;3.6
R2-INT-06-S04;R2-INT-06;r2-03-integracoes-credenciais-e-pressao;Ruído de cliente;A excede dez vezes sua quota e B mantém carga contratada;A usa provedor degradado por 15 minutos;"B mantém SLO do perfil e reservas; A recebe contenção/recusa explícita em vez de consumir capacidade de B";NAO_EXECUTADO_NESTA_ENTREGA;2.6;3.6
R2-INT-07-S01;R2-INT-07;r2-03-integracoes-credenciais-e-pressao;Mesma URL em dois tenants;A e B usam mesma URL com chaves distintas;seus resultados são entregues;Pulsar seleciona chave por tenant/destino/versão, nunca por URL isolada;NAO_EXECUTADO_NESTA_ENTREGA;2.7;3.7
R2-INT-07-S02;R2-INT-07;r2-03-integracoes-credenciais-e-pressao;Rotação e replay;entrega antiga falhou e destino foi alterado;operador autorizado pede reentrega;"ação explicita a versão/chave elegível e conserva resultado original; não redireciona silenciosamente evento histórico";NAO_EXECUTADO_NESTA_ENTREGA;2.7;3.7
R2-INT-07-S03;R2-INT-07;r2-03-integracoes-credenciais-e-pressao;Destino lento ou indisponível;webhook de A retorna 429/timeout;worker agenda nova tentativa e B também tem entrega;"lease e retry respeitam política de A; B não fica bloqueado; esgotamento fica visível sem perder final local";NAO_EXECUTADO_NESTA_ENTREGA;2.7;3.7
R2-INT-07-S04;R2-INT-07;r2-03-integracoes-credenciais-e-pressao;Duplicata no receptor;primeiro recibo HTTP se perdeu após o cliente receber;Pulsar retransmite;event_id/result_version identificam o mesmo final e assinatura/timestamp são verificáveis;NAO_EXECUTADO_NESTA_ENTREGA;2.7;3.7
R2-INT-08-S01;R2-INT-08;r2-03-integracoes-credenciais-e-pressao;Violação apenas do provedor;prazo do provedor venceu e do cliente ainda não;final chega sob MONITOR_ONLY;registra quebra do provedor e pode concluir cliente no prazo, sem ocultar a violação;NAO_EXECUTADO_NESTA_ENTREGA;2.8;3.8
R2-INT-08-S02;R2-INT-08;r2-03-integracoes-credenciais-e-pressao;Rejeição contratada;mesmo atraso ocorre sob REJECT_LATE;final chega;"passo não vira sucesso do produto; recibo e custo elegível permanecem";NAO_EXECUTADO_NESTA_ENTREGA;2.8;3.8
R2-INT-08-S03;R2-INT-08;r2-03-integracoes-credenciais-e-pressao;Coorte ainda aberta;há protocolos rápidos, lentos e ainda no prazo;operador consulta cumprimento do SLA;painel mostra elegíveis, abertos, cumpridos, vencidos e exclusões, sem contar abertos como sucesso;NAO_EXECUTADO_NESTA_ENTREGA;2.8;3.8
R2-CAT-01-S01;R2-CAT-01;r2-04-catalogo-produtos-e-contratos;Publicação válida;rascunho completo passou validações e aprovação exigida;editor publica;versão/hash e autor ficam registrados e projeções passam a indicar a publicação;NAO_EXECUTADO_NESTA_ENTREGA;2.1;3.1
R2-CAT-01-S02;R2-CAT-01;r2-04-catalogo-produtos-e-contratos;Sobrescrita de publicado;versão publicada já tem consumidores;POST ou edição tenta alterar seu conteúdo;"servidor retorna conflito e orienta nova versão; UI não anuncia alteração como publicada";NAO_EXECUTADO_NESTA_ENTREGA;2.1;3.1
R2-CAT-01-S03;R2-CAT-01;r2-04-catalogo-produtos-e-contratos;Edição concorrente;dois operadores abriram mesma revisão;o segundo salva após o primeiro;servidor detecta versão desatualizada e oferece diff/recarregamento sem sobrescrever trabalho alheio;NAO_EXECUTADO_NESTA_ENTREGA;2.1;3.1
R2-CAT-02-S01;R2-CAT-02;r2-04-catalogo-produtos-e-contratos;Seleção elegível;oferta tem dois provedores equivalentes homologados;entra pedido de cliente autorizado;rota seleciona conta elegível com motivo e versão registrados;NAO_EXECUTADO_NESTA_ENTREGA;2.2;3.2
R2-CAT-02-S02;R2-CAT-02;r2-04-catalogo-produtos-e-contratos;Conta escolhida pelo cliente;cliente fornece conta fora da sua oferta;admissão avalia o pedido;nega antes do efeito, mesmo que a conta exista e possua credencial compartilhada;NAO_EXECUTADO_NESTA_ENTREGA;2.2;3.2
R2-CAT-02-S03;R2-CAT-02;r2-04-catalogo-produtos-e-contratos;Sem combinação de SLA viável;SLA, modalidade, credencial ou capacidade contradiz perfil homologado;operador tenta publicar oferta;recebe bloqueios específicos e oferta não é ativada;NAO_EXECUTADO_NESTA_ENTREGA;2.2;3.2
R2-CAT-03-S01;R2-CAT-03;r2-04-catalogo-produtos-e-contratos;A e B independentes;produto agrega A e B sem dependência;operação é executada sob capacidade reservada;traces mostram sobreposição e final combina respostas reais dos dois passos;NAO_EXECUTADO_NESTA_ENTREGA;2.3;3.3
R2-CAT-03-S02;R2-CAT-03;r2-04-catalogo-produtos-e-contratos;Passo opcional falha;B é opcional e contrato autoriza parcialidade;A conclui e B falha;final PARTIALLY_SUCCEEDED descreve falha conforme perfil e cobra somente marcos elegíveis;NAO_EXECUTADO_NESTA_ENTREGA;2.3;3.3
R2-CAT-03-S03;R2-CAT-03;r2-04-catalogo-produtos-e-contratos;Fan-out abusivo;produto excede fan-out/concorrência autorizado;é validado ou admitido;configuração/pedido é recusado antes de exceder recursos de outros clientes;NAO_EXECUTADO_NESTA_ENTREGA;2.3;3.3
R2-CAT-04-S01;R2-CAT-04;r2-04-catalogo-produtos-e-contratos;Dependência C;A e B rodam em paralelo e C depende de ambos;A termina antes de B;"C só inicia após pré-condições duráveis de A e B; reinício retoma o grafo";NAO_EXECUTADO_NESTA_ENTREGA;2.4;3.4
R2-CAT-04-S02;R2-CAT-04;r2-04-catalogo-produtos-e-contratos;Ciclo ou referência inválida;rascunho liga A a B e B a A ou usa saída inexistente;publicação valida o grafo;publicação é bloqueada com os passos envolvidos;NAO_EXECUTADO_NESTA_ENTREGA;2.4;3.4
R2-CAT-04-S03;R2-CAT-04;r2-04-catalogo-produtos-e-contratos;Compensação incompleta;A produziu efeito e passo obrigatório posterior falha;compensação de A falha ou é impossível;protocolo informa estado contratado e gera obrigação de reconciliação, sem declarar rollback integral fictício;NAO_EXECUTADO_NESTA_ENTREGA;2.4;3.4
R2-CAT-05-S01;R2-CAT-05;r2-04-catalogo-produtos-e-contratos;Dois contratos legados;A usa nomes/campos diferentes de B para o mesmo produto;ambos executam pedidos equivalentes;"normalização mantém semântica e cada cliente recebe seu perfil; GET e webhook do cliente têm mesmo corpo final";NAO_EXECUTADO_NESTA_ENTREGA;2.5;3.5
R2-CAT-05-S02;R2-CAT-05;r2-04-catalogo-produtos-e-contratos;Transformação inválida;campo obrigatório não pode ser produzido ou expansão excede limite;simulação/publicação ou execução valida contrato;erro é explícito e não expõe payload de outro cliente nem produz sucesso inválido;NAO_EXECUTADO_NESTA_ENTREGA;2.5;3.5
R2-CAT-05-S03;R2-CAT-05;r2-04-catalogo-produtos-e-contratos;Upgrade de schema;perfil v2 remove campo usado em v1;publicação avalia compatibilidade;"mudança incompatível exige nova versão e migração; protocolos v1 conservam seu resultado";NAO_EXECUTADO_NESTA_ENTREGA;2.5;3.5
R2-CAT-06-S01;R2-CAT-06;r2-04-catalogo-produtos-e-contratos;Contrato muda durante processamento;pedido foi aceito com compra/venda e perfil v1;operador publica v2 antes do final;execução, resultado e financeiro usam snapshot v1;NAO_EXECUTADO_NESTA_ENTREGA;2.6;3.6
R2-CAT-06-S02;R2-CAT-06;r2-04-catalogo-produtos-e-contratos;Atlas parado;workload possui projeção válida e cache limitado;chegam novos pedidos elegíveis;"não consulta Atlas a cada pedido e opera dentro da validade; itens não conhecidos não são inventados";NAO_EXECUTADO_NESTA_ENTREGA;2.6;3.6
R2-CAT-06-S03;R2-CAT-06;r2-04-catalogo-produtos-e-contratos;Revogação de segurança;binding ou permissão é revogado;há snapshot histórico e trabalho pendente;"política de revogação de segurança prevalece para novos acessos ao segredo; preserva histórico sem reutilizar credencial proibida";NAO_EXECUTADO_NESTA_ENTREGA;2.6;3.6
R2-CAT-07-S01;R2-CAT-07;r2-04-catalogo-produtos-e-contratos;Reimportação idempotente;mesmo arquivo sanitizado já foi importado;operador reimporta;"não duplica identidade nem apaga cadastros; mostra itens iguais, alterados e novos";NAO_EXECUTADO_NESTA_ENTREGA;2.7;3.7
R2-CAT-07-S02;R2-CAT-07;r2-04-catalogo-produtos-e-contratos;Falha no meio do lote;lote contém erro ou execução interrompe;importação é retomada;catálogo publicado anterior permanece íntegro e lote incompleto não se apresenta como ativado;NAO_EXECUTADO_NESTA_ENTREGA;2.7;3.7
R2-CAT-07-S03;R2-CAT-07;r2-04-catalogo-produtos-e-contratos;Credenciais na collection;arquivo contém tokens, headers e environments sensíveis;preview é solicitado;"valores secretos não aparecem no lote, logs ou UI; somente referências e metadados permitidos são conservados";NAO_EXECUTADO_NESTA_ENTREGA;2.7;3.7
R2-CAT-08-S01;R2-CAT-08;r2-04-catalogo-produtos-e-contratos;Milhares de registros;operador tem escopo sobre catálogo grande;filtra por estado/provedor/cliente com cursor;obtém página limitada, ordenação estável e contexto de autorização verificado no servidor;NAO_EXECUTADO_NESTA_ENTREGA;2.8;3.8
R2-CAT-08-S02;R2-CAT-08;r2-04-catalogo-produtos-e-contratos;Refresh e outro operador;cadastro foi salvo e publicado;outro operador abre sua URL após refresh;consulta fonte do servidor e visualiza mesma versão conforme permissão;NAO_EXECUTADO_NESTA_ENTREGA;2.8;3.8
R2-CAT-08-S03;R2-CAT-08;r2-04-catalogo-produtos-e-contratos;Capacidade insuficiente;novo cliente excede headroom disponível;onboarding solicita colocação;"registra provisionamento automático e só ativa após qualificação; não aponta tráfego para célula incompleta";NAO_EXECUTADO_NESTA_ENTREGA;2.8;3.8
R2-ADM-01-S01;R2-ADM-01;r2-05-console-administrativo;Entrada autorizada;usuário tem papel de Operações e escopo A;abre diretamente URL de protocolo de A;após login retorna à rota permitida e vê ambiente/escopo e ações autorizadas;NAO_EXECUTADO_NESTA_ENTREGA;2.1;3.1
R2-ADM-01-S02;R2-ADM-01;r2-05-console-administrativo;URL sem permissão;operador de A abre URL de B ou tela financeira sem papel;servidor avalia a sessão;exibe acesso negado sem dados, e ocultar menu não é o único controle;NAO_EXECUTADO_NESTA_ENTREGA;2.1;3.1
R2-ADM-01-S03;R2-ADM-01;r2-05-console-administrativo;Logout;usuário visualizou dados restritos;sai e outro usuário entra no mesmo navegador;não reaparecem dados, filtros sensíveis ou permissões do anterior;NAO_EXECUTADO_NESTA_ENTREGA;2.1;3.1
R2-ADM-02-S01;R2-ADM-02;r2-05-console-administrativo;Catálogo populoso;servidor tem mais registros que uma página;operador busca e avança cursor;filtro/ordenação se mantêm, volumes por página são limitados e refresh recompõe a consulta;NAO_EXECUTADO_NESTA_ENTREGA;2.2;3.2
R2-ADM-02-S02;R2-ADM-02;r2-05-console-administrativo;Lista falha;API responde timeout após mostrar dados antigos;usuário solicita atualização;UI sinaliza erro e desatualização, oferece retry seguro e não apresenta lista vazia como ausência de registros;NAO_EXECUTADO_NESTA_ENTREGA;2.2;3.2
R2-ADM-02-S03;R2-ADM-02;r2-05-console-administrativo;Conflito de edição;dois operadores editam uma mesma versão;segundo tenta salvar;UI apresenta conflito e diff/recarregamento sem sobrescrita silenciosa;NAO_EXECUTADO_NESTA_ENTREGA;2.2;3.2
R2-ADM-03-S01;R2-ADM-03;r2-05-console-administrativo;Novo cliente;editor autorizado informa cliente, aplicações e oferta validada;solicita ativação;acompanha validação/placement até ativo sem ticket de capacidade dentro do envelope;NAO_EXECUTADO_NESTA_ENTREGA;2.3;3.3
R2-ADM-03-S02;R2-ADM-03;r2-05-console-administrativo;Pendência visível;oferta não tem vínculo de credencial válido;operador tenta ativar;UI mostra bloqueio específico e link para corrigir o vínculo, sem sucesso fictício;NAO_EXECUTADO_NESTA_ENTREGA;2.3;3.3
R2-ADM-03-S03;R2-ADM-03;r2-05-console-administrativo;Suspensão;cliente tem protocolos em andamento;operador suspende novas admissões;"confirma impacto e razão; timeline histórica continua acessível ao papel autorizado";NAO_EXECUTADO_NESTA_ENTREGA;2.3;3.3
R2-ADM-04-S01;R2-ADM-04;r2-05-console-administrativo;Importação por preview;arquivo sanitizado contém endpoints existentes e novos;operador revisa o lote;vê diferenças e estados, sem exclusão global ou publicação automática;NAO_EXECUTADO_NESTA_ENTREGA;2.4;3.4
R2-ADM-04-S02;R2-ADM-04;r2-05-console-administrativo;Serviço validado;adapter/schema/modo foram homologados;operador publica a versão;UI apresenta versão publicada imutável e qualificação usada;NAO_EXECUTADO_NESTA_ENTREGA;2.4;3.4
R2-ADM-04-S03;R2-ADM-04;r2-05-console-administrativo;Sem adapter;endpoint importado ainda não pode executar;operador consulta catálogo;estado deixa claro que não está disponível para consumo;NAO_EXECUTADO_NESTA_ENTREGA;2.4;3.4
R2-ADM-05-S01;R2-ADM-05;r2-05-console-administrativo;Editor de composição;produto possui A e B paralelos e C dependente;editor configura e simula;grafo/tabela e resultado de simulação mostram ordem, dependências e política de parcialidade;NAO_EXECUTADO_NESTA_ENTREGA;2.5;3.5
R2-ADM-05-S02;R2-ADM-05;r2-05-console-administrativo;Ciclo detectado;dependência fecha ciclo;editor valida;UI identifica os passos envolvidos e bloqueia publicação;NAO_EXECUTADO_NESTA_ENTREGA;2.5;3.5
R2-ADM-05-S03;R2-ADM-05;r2-05-console-administrativo;Simulação sem efeitos;usuário usa dados sintéticos;clica simular;"nenhuma chamada faturável real é feita; relatório identifica fixture e versões";NAO_EXECUTADO_NESTA_ENTREGA;2.5;3.5
R2-ADM-06-S01;R2-ADM-06;r2-05-console-administrativo;Diagnóstico de binding;cliente dedicado está usando determinada conta;operador autorizado consulta resolução;vê binding/version/pagador elegíveis sem revelar token ou segredo e sem confundir conta com tenant;NAO_EXECUTADO_NESTA_ENTREGA;2.6;3.6
R2-ADM-06-S02;R2-ADM-06;r2-05-console-administrativo;Rotação;gestor autorizado agenda nova versão;validação de conexão conclui;UI mostra estado e vigência, preservando histórico e não oferecendo leitura do segredo;NAO_EXECUTADO_NESTA_ENTREGA;2.6;3.6
R2-ADM-06-S03;R2-ADM-06;r2-05-console-administrativo;Pressão reduzida;provedor responde timeouts;operador abre saúde da integração;vê limite efetivo, teto, latência, erro, backlog e motivo da redução, sem tratá-lo como limite fixo eterno;NAO_EXECUTADO_NESTA_ENTREGA;2.6;3.6
R2-ADM-07-S01;R2-ADM-07;r2-05-console-administrativo;Contrato legado;cliente usa saída personalizada e polling mais callback;editor simula e publica perfil;UI exibe entrada/saída e prova de mesmo corpo final em GET/webhook;NAO_EXECUTADO_NESTA_ENTREGA;2.7;3.7
R2-ADM-07-S02;R2-ADM-07;r2-05-console-administrativo;TTL versus SLA;retry_ttl_seconds excede prazo do cliente;editor salva configuração;"UI explica limite efetivo mínimo; nenhum preview sugere renovação do deadline";NAO_EXECUTADO_NESTA_ENTREGA;2.7;3.7
R2-ADM-07-S03;R2-ADM-07;r2-05-console-administrativo;SYNC incompatível;SLA ou natureza do provedor não permite SYNC;editor tenta habilitar modalidade;relatório aponta incompatibilidade e bloqueia publicação;NAO_EXECUTADO_NESTA_ENTREGA;2.7;3.7
R2-ADM-08-S01;R2-ADM-08;r2-05-console-administrativo;Diagnóstico completo;protocolo possui tentativas e resultado tardio;operador autorizado abre detalhe;timeline diferencia erro do cliente, final do provedor, custo e delivery e exibe causa de encerramento;NAO_EXECUTADO_NESTA_ENTREGA;2.8;3.8
R2-ADM-08-S02;R2-ADM-08;r2-05-console-administrativo;Resultado custodiado;provedor está offline e final está no Hub;operador consulta o resultado;"nenhuma chamada ao provedor ocorre; resultado provém da versão materializada";NAO_EXECUTADO_NESTA_ENTREGA;2.8;3.8
R2-ADM-08-S03;R2-ADM-08;r2-05-console-administrativo;Filtro entre tenants;usuário sem papel global manipula filtros;solicita lista de outro cliente;API e UI não revelam protocolos alheios;NAO_EXECUTADO_NESTA_ENTREGA;2.8;3.8
R2-ADM-09-S01;R2-ADM-09;r2-05-console-administrativo;Webhook esgotado;resultado final existe e delivery está EXHAUSTED;operador autorizado reentrega;cria ação auditada ligada à entrega e aos mesmos bytes sem chamada ao provedor;NAO_EXECUTADO_NESTA_ENTREGA;2.9;3.9
R2-ADM-09-S02;R2-ADM-09;r2-05-console-administrativo;UNKNOWN externo;não há prova de ausência de efeito;operador abre ações;UI permite diagnóstico/reconciliação elegível e explica por que novo submit está bloqueado;NAO_EXECUTADO_NESTA_ENTREGA;2.9;3.9
R2-ADM-09-S03;R2-ADM-09;r2-05-console-administrativo;Leitor administrativo;hub_protocol_reader abre protocolos de vários clientes;tenta comando de replay por chamada manual;"servidor nega; possuir leitura global não concede operação";NAO_EXECUTADO_NESTA_ENTREGA;2.9;3.9
R2-ADM-10-S01;R2-ADM-10;r2-05-console-administrativo;Apuração de quebra;coorte contém lentos ainda abertos e finais rápidos;analista filtra contrato/período;"denominador e estados impedem viés dos concluídos; atraso aparece com trilha do prazo";NAO_EXECUTADO_NESTA_ENTREGA;2.10;3.10
R2-ADM-10-S02;R2-ADM-10;r2-05-console-administrativo;Dados desatualizados;projeção operacional está atrasada;painel é aberto;mostra horário/watermark e atraso, não anuncia ausência de violações;NAO_EXECUTADO_NESTA_ENTREGA;2.10;3.10
R2-ADM-10-S03;R2-ADM-10;r2-05-console-administrativo;Consulta limitada;cliente/operador tem escopo A;exporta relatório de SLA;arquivo contém somente registros permitidos e exportação é auditada;NAO_EXECUTADO_NESTA_ENTREGA;2.10;3.10
R2-ADM-11-S01;R2-ADM-11;r2-05-console-administrativo;Extrato explicável;protocolo gerou receita, custo e reserva;analista abre origem dos valores;vê contrato/medidor/unidade, saldo antes/depois e lançamentos, distinguindo custo de cliente direto;NAO_EXECUTADO_NESTA_ENTREGA;2.11;3.11
R2-ADM-11-S02;R2-ADM-11;r2-05-console-administrativo;Fechamento incompleto;há fatos pendentes ou UNKNOWN financeiros;financeiro solicita fechamento;UI mostra bloqueios e não marca período como conciliado/exportado;NAO_EXECUTADO_NESTA_ENTREGA;2.11;3.11
R2-ADM-11-S03;R2-ADM-11;r2-05-console-administrativo;Estorno;usuário autorizado corrige cobrança;registra ajuste com razão e origem;"lançamento compensatório aparece no histórico; original não desaparece";NAO_EXECUTADO_NESTA_ENTREGA;2.11;3.11
R2-ADM-12-S01;R2-ADM-12;r2-05-console-administrativo;Teclado e erro;operador usa somente teclado e envia formulário inválido;validação falha;foco alcança resumo/primeiro erro, campos são identificados e dados preenchidos permanecem;NAO_EXECUTADO_NESTA_ENTREGA;2.12;3.12
R2-ADM-12-S02;R2-ADM-12;r2-05-console-administrativo;Falha de rede ou 409;editor perde rede ou versão ficou obsoleta;tenta salvar;recebe estado recuperável sem duplo envio, perda de entrada ou falso sucesso;NAO_EXECUTADO_NESTA_ENTREGA;2.12;3.12
R2-ADM-12-S03;R2-ADM-12;r2-05-console-administrativo;Jornada integrada;build passou e backend real de ensaio está disponível;QA cria, publica, consulta e revisita recurso após refresh;"estado persiste no servidor; evidência inclui papel, SHA, requests e screenshot sanitizado, não só renderização";NAO_EXECUTADO_NESTA_ENTREGA;2.12;3.12
R2-FIN-01-S01;R2-FIN-01;r2-06-financeiro-auditavel;Preço muda antes de consumir;pedido aceito em tarifa v1 e evento ainda está em fila;tarifa v2 é publicada antes da apuração;apuração usa v1 e conserva prova do snapshot;NAO_EXECUTADO_NESTA_ENTREGA;2.1;3.1
R2-FIN-01-S02;R2-FIN-01;r2-06-financeiro-auditavel;Cliente paga diretamente;binding usa TENANT_DEDICATED com settlement_party=CLIENT_DIRECT;operação gera consumo;consumo é registrado, mas passivo do Hub só existe se contrato de compra o prevê;NAO_EXECUTADO_NESTA_ENTREGA;2.1;3.1
R2-FIN-01-S03;R2-FIN-01;r2-06-financeiro-auditavel;Compra por submit;contrato prevê custo no aceite externo e venda por sucesso;protocolo depois falha/expira;custo e ausência de receita seguem marcos distintos, sem preço constante de simulador;NAO_EXECUTADO_NESTA_ENTREGA;2.1;3.1
R2-FIN-02-S01;R2-FIN-02;r2-06-financeiro-auditavel;Dois passos custosos;produto chama duas operações faturáveis do mesmo provedor;fatos chegam em ordem inversa e duplicados;ambos custos elegíveis aparecem uma vez, sem colidir pela mesma chave de protocolo;NAO_EXECUTADO_NESTA_ENTREGA;2.2;3.2
R2-FIN-02-S02;R2-FIN-02;r2-06-financeiro-auditavel;Polling tarifado;contrato cobra status/fetch e três tentativas elegíveis ocorreram;Libra apura;unidades e valores correspondem às três evidências, sem cobrar retransmissão da mensagem;NAO_EXECUTADO_NESTA_ENTREGA;2.2;3.2
R2-FIN-02-S03;R2-FIN-02;r2-06-financeiro-auditavel;Precisão;fixture tem 0,1 + 0,2 e taxas com quatro casas;motor apura e exporta;resultado decimal é exato e arredondamento é único no marco contratado;NAO_EXECUTADO_NESTA_ENTREGA;2.2;3.2
R2-FIN-03-S01;R2-FIN-03;r2-06-financeiro-auditavel;Limite cumulativo;fixture tem saldo 2,00 e cada execução consome 1,00;três execuções sequenciais são solicitadas após capturas;"apenas duas executam; terceira é negada antes de efeito externo";NAO_EXECUTADO_NESTA_ENTREGA;2.3;3.3
R2-FIN-03-S02;R2-FIN-03;r2-06-financeiro-auditavel;Concorrência pelo último saldo;duas solicitações disputam 1,00 restante;reservas ocorrem simultaneamente;"apenas uma é concedida; moeda/tenant/valor fazem parte da validação";NAO_EXECUTADO_NESTA_ENTREGA;2.3;3.3
R2-FIN-03-S03;R2-FIN-03;r2-06-financeiro-auditavel;Limite não configurado;contrato é estrito e não tem limite aprovado;pedido solicita reserva;"é recusado sem usar default alto; consulta de final existente continua";NAO_EXECUTADO_NESTA_ENTREGA;2.3;3.3
R2-FIN-03-S04;R2-FIN-03;r2-06-financeiro-auditavel;Timeout com efeito incerto;protocolo expira e provedor pode cobrar;reserva é reconciliada;"hold permanece até evidência de cancelamento/ausência/custo; duplicata não libera nem captura duas vezes";NAO_EXECUTADO_NESTA_ENTREGA;2.3;3.3
R2-FIN-04-S01;R2-FIN-04;r2-06-financeiro-auditavel;Faixa marginal;fixture aprovada define primeiras duas unidades a 1,00 e excedentes a 0,50;quatro unidades elegíveis são apuradas;"total é 3,00 na regra marginal; regra por volume não é inferida";NAO_EXECUTADO_NESTA_ENTREGA;2.4;3.4
R2-FIN-04-S02;R2-FIN-04;r2-06-financeiro-auditavel;Pacote versus soma;produto A+B tem contrato de pacote 5,00 e custos independentes;ambos passos concluem;receita é 5,00 uma vez, custos conforme compra, sem somar venda dos componentes indevidamente;NAO_EXECUTADO_NESTA_ENTREGA;2.4;3.4
R2-FIN-04-S03;R2-FIN-04;r2-06-financeiro-auditavel;Franquia final concorrente;resta uma unidade de franquia estrita;duas operações concorrentes consomem;uma usa franquia e a outra segue regra de excedente ou recusa explicitamente contratada;NAO_EXECUTADO_NESTA_ENTREGA;2.4;3.4
R2-FIN-05-S01;R2-FIN-05;r2-06-financeiro-auditavel;Partidas balanceadas;fatos elegíveis foram deduplicados;apuração confirma lote;débitos e créditos se equilibram por moeda e cada lançamento aponta contrato/unidade/evidência;NAO_EXECUTADO_NESTA_ENTREGA;2.5;3.5
R2-FIN-05-S02;R2-FIN-05;r2-06-financeiro-auditavel;Reprocessamento;mesmo fato e lote são apresentados novamente;motor tenta apurar;não há novos lançamentos nem alteração do valor original;NAO_EXECUTADO_NESTA_ENTREGA;2.5;3.5
R2-FIN-05-S03;R2-FIN-05;r2-06-financeiro-auditavel;Estorno autorizado;cobrança incorreta precisa correção;usuário autorizado aprova ajuste;partidas compensatórias preservam original, razão e correlação;NAO_EXECUTADO_NESTA_ENTREGA;2.5;3.5
R2-FIN-06-S01;R2-FIN-06;r2-06-financeiro-auditavel;Fato atrasado;watermark ou UNKNOWN financeiro indica pendência do período;operador solicita fechamento definitivo;lote fica bloqueado ou em exceção formal auditada, nunca silenciosamente completo;NAO_EXECUTADO_NESTA_ENTREGA;2.6;3.6
R2-FIN-06-S02;R2-FIN-06;r2-06-financeiro-auditavel;Exportação repetida;lote fechado já foi exportado e recibo se perdeu;integração reenvia mesma identidade;"destino pode deduplicar; Hub mantém estado e checksum sem novo débito/pagamento";NAO_EXECUTADO_NESTA_ENTREGA;2.6;3.6
R2-FIN-06-S03;R2-FIN-06;r2-06-financeiro-auditavel;Contestação de SLA;custo tardio está sendo contestado;financeiro revisa conciliação;valor, evidência, disputa e ajuste ficam separados da resposta final imutável do cliente;NAO_EXECUTADO_NESTA_ENTREGA;2.6;3.6
R2-DAD-01-S01;R2-DAD-01;r2-07-objetos-dados-e-retencao;Arquivo elegível;cliente A concluiu upload e validação;submete pedido com file_ref;Hub verifica vínculo/versão/hash sem carregar arquivo inteiro na API;NAO_EXECUTADO_NESTA_ENTREGA;2.1;3.1
R2-DAD-01-S02;R2-DAD-01;r2-07-objetos-dados-e-retencao;Objeto de outro cliente;A indica file_ref de B;admissão ou download é solicitado;acesso é negado indistinguivelmente de referência inexistente para A;NAO_EXECUTADO_NESTA_ENTREGA;2.1;3.1
R2-DAD-01-S03;R2-DAD-01;r2-07-objetos-dados-e-retencao;Multipart incompleto;faltam partes ou checksum diverge;cliente pede confirmação do objeto;"referência não fica READY; sessão pode ser retomada/expirada conforme política";NAO_EXECUTADO_NESTA_ENTREGA;2.1;3.1
R2-DAD-02-S01;R2-DAD-02;r2-07-objetos-dados-e-retencao;Resultado grande;provedor entrega arquivo superior ao limite inline;conector conserva a resposta;streaming produz objeto validado e só então final aponta file_ref;NAO_EXECUTADO_NESTA_ENTREGA;2.2;3.2
R2-DAD-02-S02;R2-DAD-02;r2-07-objetos-dados-e-retencao;S3 falha;resultado externo exige custódia em objeto;put ou verificação falha;"nenhum sucesso com link quebrado é emitido; obrigação de captura/reconciliação permanece";NAO_EXECUTADO_NESTA_ENTREGA;2.2;3.2
R2-DAD-02-S03;R2-DAD-02;r2-07-objetos-dados-e-retencao;Objeto sem commit do protocolo;upload final completou e commit posterior falhou;reconciliador executa;liga objeto somente à obrigação correta ou marca órfão para política segura, sem reexecutar provedor;NAO_EXECUTADO_NESTA_ENTREGA;2.2;3.2
R2-DAD-03-S01;R2-DAD-03;r2-07-objetos-dados-e-retencao;Expurgo elegível;classe aprovada atingiu retenção e não há obrigação aberta;job executa após dry-run validado;expurgo é auditado e deixa metadado mínimo/tombstone permitido;NAO_EXECUTADO_NESTA_ENTREGA;2.3;3.3
R2-DAD-03-S02;R2-DAD-03;r2-07-objetos-dados-e-retencao;Entrega pendente;resultado excedeu retenção padrão mas delivery/contestação precisa dele;job avalia elegibilidade;objeto/final permanece protegido ou migra segundo política contratada sem perder obrigação;NAO_EXECUTADO_NESTA_ENTREGA;2.3;3.3
R2-DAD-03-S03;R2-DAD-03;r2-07-objetos-dados-e-retencao;Mensagem antiga;evento fora da janela tenta reaplicar efeito já encerrado;consumer recebe replay;tombstone/dedup impede novo efeito e produz diagnóstico;NAO_EXECUTADO_NESTA_ENTREGA;2.3;3.3
R2-DAD-04-S01;R2-DAD-04;r2-07-objetos-dados-e-retencao;Writer indisponível com final válido;existe réplica/cache confiável do final e autorização vigente;cliente consulta;"recebe mesmo corpo/hash sem acessar provedor; novas admissões continuam exigindo writer";NAO_EXECUTADO_NESTA_ENTREGA;2.4;3.4
R2-DAD-04-S02;R2-DAD-04;r2-07-objetos-dados-e-retencao;Réplica atrasada;réplica ainda não conhece protocolo recentemente aceito;GET tenta recuperar resultado;consulta autoridade quando disponível ou informa indisponibilidade/estado não confirmado, sem falso inexistente;NAO_EXECUTADO_NESTA_ENTREGA;2.4;3.4
R2-DAD-04-S03;R2-DAD-04;r2-07-objetos-dados-e-retencao;Isolamento de domínio;usuário de Pulsar tenta escrever em saldo ou protocolo;banco avalia permissão;nega escrita fora da autoridade mesmo que aplicação tenha bug;NAO_EXECUTADO_NESTA_ENTREGA;2.4;3.4
R2-DAD-05-S01;R2-DAD-05;r2-07-objetos-dados-e-retencao;Restore controlado;backup/PITR e versões de objetos estão disponíveis;ambiente isolado é restaurado;egress permanece bloqueado até confrontar comandos, fatos, saldos e referências;NAO_EXECUTADO_NESTA_ENTREGA;2.5;3.5
R2-DAD-05-S02;R2-DAD-05;r2-07-objetos-dados-e-retencao;Operação após backup;provedor executou depois do ponto restaurado;sistema encontra lacuna histórica;"reconcilia com parceiro/idempotência; não reenfileira todos os pedidos do período";NAO_EXECUTADO_NESTA_ENTREGA;2.5;3.5
R2-DAD-05-S03;R2-DAD-05;r2-07-objetos-dados-e-retencao;Falha regional;perfil contratado exige perda regional sem perda de fatos;topologia possui somente confirmação regional;perfil não é qualificado nem ativado até prova de custódia e fencing compatíveis;NAO_EXECUTADO_NESTA_ENTREGA;2.5;3.5
R2-OPE-01-S01;R2-OPE-01;r2-08-operacao-elastica-e-observavel;Primeira instalação;máquina limpa possui pré-requisitos declarados;executa bootstrap documentado;UI e APIs autenticadas, broker/objetos e painéis ficam acessíveis com verificações de saúde;NAO_EXECUTADO_NESTA_ENTREGA;2.1;3.1
R2-OPE-01-S02;R2-OPE-01;r2-08-operacao-elastica-e-observavel;Recriação sem reset;há protocolos e cadastros de ensaio persistidos;containers são recriados no procedimento normal;"dados e referências continuam consultáveis; reset destrutivo é ação separada explícita";NAO_EXECUTADO_NESTA_ENTREGA;2.1;3.1
R2-OPE-01-S03;R2-OPE-01;r2-08-operacao-elastica-e-observavel;Cache desligado;operador não habilita perfil Redis;sobe plataforma e executa jornada padrão;serviços não falham por dependência do cache opcional;NAO_EXECUTADO_NESTA_ENTREGA;2.1;3.1
R2-OPE-02-S01;R2-OPE-02;r2-08-operacao-elastica-e-observavel;Overlay aplicável;dependências e CRDs da versão fixada foram instalados;overlay de laboratório é renderizado e aplicado;pods ficam prontos, rotas funcionam e não há referência não resolvida;NAO_EXECUTADO_NESTA_ENTREGA;2.2;3.2
R2-OPE-02-S02;R2-OPE-02;r2-08-operacao-elastica-e-observavel;Separação ambiental;mesmo tenant existe em dev e hom;configuração/credencial de dev tenta operar hom;"isolamento impede cruzamento; promoção não copia segredos entre ambientes";NAO_EXECUTADO_NESTA_ENTREGA;2.2;3.2
R2-OPE-02-S03;R2-OPE-02;r2-08-operacao-elastica-e-observavel;Produção sem perfil;P-01/P-08/P-10 relevantes não estão qualificados;pipeline tenta promover oferta crítica;gate bloqueia ativação e mostra pendências sem impedir desenvolvimento local;NAO_EXECUTADO_NESTA_ENTREGA;2.2;3.2
R2-OPE-03-S01;R2-OPE-03;r2-08-operacao-elastica-e-observavel;Dependência opcional falha;Redis ou telemetria fica indisponível;probes são avaliadas;workloads elegíveis continuam prontos e falha é observável sem cascata de reinícios;NAO_EXECUTADO_NESTA_ENTREGA;2.3;3.3
R2-OPE-03-S02;R2-OPE-03;r2-08-operacao-elastica-e-observavel;Rolling update;há SYNC em voo, poll e delivery agendados;pod recebe SIGTERM;deixa de admitir, drena dentro do grace e conserva obrigação não concluída para takeover cercado;NAO_EXECUTADO_NESTA_ENTREGA;2.3;3.3
R2-OPE-03-S03;R2-OPE-03;r2-08-operacao-elastica-e-observavel;Provedor fora;um parceiro responde timeout;liveness e readiness geral são verificadas;"não reinicia todos os pods; circuito/quotas contêm apenas a capacidade afetada";NAO_EXECUTADO_NESTA_ENTREGA;2.3;3.3
R2-OPE-04-S01;R2-OPE-04;r2-08-operacao-elastica-e-observavel;Fila cresce com CPU baixa;trabalho I/O acumula e idade aumenta;scaler avalia métricas;réplicas sobem respeitando quota externa, conexões e reserva de capacidade;NAO_EXECUTADO_NESTA_ENTREGA;2.4;3.4
R2-OPE-04-S02;R2-OPE-04;r2-08-operacao-elastica-e-observavel;Célula próxima do envelope;demanda prevista excede headroom antes do prazo de provisionamento;política de expansão atua;nova célula é criada/qualificada e placement muda para novas admissões sem ticket rotineiro;NAO_EXECUTADO_NESTA_ENTREGA;2.4;3.4
R2-OPE-04-S03;R2-OPE-04;r2-08-operacao-elastica-e-observavel;Quota esgotada;expansão cloud não consegue provisionar recurso autorizado;onboarding precisa de capacidade;"estado registra impedimento e novas admissões são limitadas; não rouba reserva de clientes existentes";NAO_EXECUTADO_NESTA_ENTREGA;2.4;3.4
R2-OPE-05-S01;R2-OPE-05;r2-08-operacao-elastica-e-observavel;Cliente realocado;protocolos antigos pertencem à célula A e novos à B;cliente consulta ambos por UUID;diretório autorizado resolve a origem correta sem busca em provedores ou vazamento entre tenants;NAO_EXECUTADO_NESTA_ENTREGA;2.5;3.5
R2-OPE-05-S02;R2-OPE-05;r2-08-operacao-elastica-e-observavel;Dois ambientes/células;dev/hom e células A/B usam broker;eventos são publicados;namespaces e políticas impedem colisão de nome/entrega cruzada;NAO_EXECUTADO_NESTA_ENTREGA;2.5;3.5
R2-OPE-05-S03;R2-OPE-05;r2-08-operacao-elastica-e-observavel;Falha parcial de provisionamento;Crossplane criou banco mas não políticas/filas;Atlas avalia readiness da célula;"não atribui tráfego até recursos e canário estarem qualificados; retry de reconcile não duplica dono";NAO_EXECUTADO_NESTA_ENTREGA;2.5;3.5
R2-OPE-06-S01;R2-OPE-06;r2-08-operacao-elastica-e-observavel;Reinício com broker fora;DB e projeções recuperáveis estão válidos;Órbita/Cometa reiniciam durante indisponibilidade SNS/SQS;"rotas SYNC e GET elegíveis sobem; fatos ficam recuperáveis sem bloquear servidor HTTP";NAO_EXECUTADO_NESTA_ENTREGA;2.6;3.6
R2-OPE-06-S02;R2-OPE-06;r2-08-operacao-elastica-e-observavel;Redis lenta;latência Redis aumenta acima do orçamento;workload usa cache de metadados opcional;bypass rápido/circuito e cache L1 limitado mantêm o perfil qualificado;NAO_EXECUTADO_NESTA_ENTREGA;2.6;3.6
R2-OPE-06-S03;R2-OPE-06;r2-08-operacao-elastica-e-observavel;Todas cópias autoritativas indisponíveis;não há writer/quorum válido;chega nova admissão;"Hub informa indisponibilidade sem 202 fictício; preserva repetição pela mesma chave quando voltar";NAO_EXECUTADO_NESTA_ENTREGA;2.6;3.6
R2-OPE-07-S01;R2-OPE-07;r2-08-operacao-elastica-e-observavel;Fluxo rastreável;requisição percorre SYNC ou ASYNC;operador usa protocolo/trace autorizado;correlaciona etapas e logs, visualiza percentis e recebe links de evidência sem dados sensíveis nos labels;NAO_EXECUTADO_NESTA_ENTREGA;2.7;3.7
R2-OPE-07-S02;R2-OPE-07;r2-08-operacao-elastica-e-observavel;Alerta exercitado;outbox envelhece, DLQ recebe item ou SLA vence;condição excede limiar do perfil;alerta aponta componente/runbook e teste registra detecção e recuperação;NAO_EXECUTADO_NESTA_ENTREGA;2.7;3.7
R2-OPE-07-S03;R2-OPE-07;r2-08-operacao-elastica-e-observavel;Backend de observabilidade fora;Loki/Tempo/Prometheus está temporariamente indisponível;Hub recebe tráfego elegível;"buffer/export limitado não bloqueia thread de negócio; perda de telemetria é sinalizada e não altera ledger/auditoria duráveis";NAO_EXECUTADO_NESTA_ENTREGA;2.7;3.7
R2-OPE-08-S01;R2-OPE-08;r2-08-operacao-elastica-e-observavel;AWS real;workload possui IAM adequado e URLs/ARNs configurados;sobe em ambiente remoto;usa cadeia de identidade autorizada sem credencial local/local nem SetQueueAttributes/CreateQueue;NAO_EXECUTADO_NESTA_ENTREGA;2.8;3.8
R2-OPE-08-S02;R2-OPE-08;r2-08-operacao-elastica-e-observavel;IAM insuficiente;papel não tem permissão para recurso de outra célula;workload tenta acessá-lo;acesso é negado sem política permissiva de fallback;NAO_EXECUTADO_NESTA_ENTREGA;2.8;3.8
R2-OPE-08-S03;R2-OPE-08;r2-08-operacao-elastica-e-observavel;Atualização de dependência;imagem, runtime ou controller muda de versão;pipeline valida promoção;"registra suporte/licença, lock/digest, scan e ensaios de contrato; referência de versão não vira aprovação automática";NAO_EXECUTADO_NESTA_ENTREGA;2.8;3.8
R2-OPE-09-S01;R2-OPE-09;r2-08-operacao-elastica-e-observavel;Perfil de referência;ensaio usa JSON até 64 KiB e mix/fan-out/carga declarados;mede admissão ASYNC e GET;compara às metas propostas v4: aceite p95≤250 ms/p99≤500 ms, GET p95≤100 ms/p99≤250 ms, registrando resultado sem declarar metas já atingidas;NAO_EXECUTADO_NESTA_ENTREGA;2.9;3.9
R2-OPE-09-S02;R2-OPE-09;r2-08-operacao-elastica-e-observavel;Manutenção e ruído;cliente B opera dentro da reserva e A excede quota;ocorre rollout e falha de dependência no ensaio;"SLIs incluem as falhas e B mantém limites do perfil; variação p95≤10% é alvo adicional proposto, sujeito a qualificação";NAO_EXECUTADO_NESTA_ENTREGA;2.9;3.9
R2-OPE-09-S03;R2-OPE-09;r2-08-operacao-elastica-e-observavel;Uso crítico;oferta pode afetar vida/segurança;não há ensaio compatível com interrupção máxima e domínio de falhas;ativação é bloqueada para esse perfil, com contingência e pendências explicitadas;NAO_EXECUTADO_NESTA_ENTREGA;2.9;3.9
R2-QUA-01-S01;R2-QUA-01;r2-09-qualificacao-e-rastreabilidade;Novo requisito implementado;cenários normativos têm provas de execução;revisor avalia conclusão;status registra o escopo comprovado, links e limites sem usar quantidade de arquivos como evidência;NAO_EXECUTADO_NESTA_ENTREGA;2.1;3.1
R2-QUA-01-S02;R2-QUA-01;r2-09-qualificacao-e-rastreabilidade;Evidência incompatível;teste verifica apenas status e requisito exige corpo/identidade;relatório declara atendimento integral;gate reprova conclusão e mantém gap aberto;NAO_EXECUTADO_NESTA_ENTREGA;2.1;3.1
R2-QUA-01-S03;R2-QUA-01;r2-09-qualificacao-e-rastreabilidade;Decisão ainda pendente;documentos evoluíram mas responsável não aprovou P-01 a P-11;revisão atualiza status;"pendência permanece aberta; não presume avanço por commit ou lembrete";NAO_EXECUTADO_NESTA_ENTREGA;2.1;3.1
R2-QUA-02-S01;R2-QUA-02;r2-09-qualificacao-e-rastreabilidade;Ambiente limpo;clone não contém collection privada nem seed histórico;pipeline sobe o ambiente de teste;fixtures locais habilitam todos os cenários obrigatórios sem segredos reais;NAO_EXECUTADO_NESTA_ENTREGA;2.2;3.2
R2-QUA-02-S02;R2-QUA-02;r2-09-qualificacao-e-rastreabilidade;Regressão do eco;conector devolve input em vez de resposta;suite executa sucesso SYNC e ASYNC;falha apesar de status SUCCEEDED;NAO_EXECUTADO_NESTA_ENTREGA;2.2;3.2
R2-QUA-02-S03;R2-QUA-02;r2-09-qualificacao-e-rastreabilidade;Regressão financeira;saldo capturado deixa de contar no limite;suite executa duas capturas e terceira tentativa acima do saldo;falha se terceira chamada externa ocorrer;NAO_EXECUTADO_NESTA_ENTREGA;2.2;3.2
R2-QUA-03-S01;R2-QUA-03;r2-09-qualificacao-e-rastreabilidade;PR de backend;mudança altera corpo público ou envelope;pipeline compara contratos e roda consumidores;incompatibilidade não negociada bloqueia merge/promoção;NAO_EXECUTADO_NESTA_ENTREGA;2.3;3.3
R2-QUA-03-S02;R2-QUA-03;r2-09-qualificacao-e-rastreabilidade;UI sem backend;jornada funciona só com mocks;equipe tenta marcar pronta;gate de integração real não passa, embora build de UI possa passar;NAO_EXECUTADO_NESTA_ENTREGA;2.3;3.3
R2-QUA-03-S03;R2-QUA-03;r2-09-qualificacao-e-rastreabilidade;P0 reaberto;ensaio de callback perde recibo confirmado;há release candidato;ativação do fluxo afetado é bloqueada até corrigir ou manter explicitamente indisponível;NAO_EXECUTADO_NESTA_ENTREGA;2.3;3.3
R2-QUA-04-S01;R2-QUA-04;r2-09-qualificacao-e-rastreabilidade;Importação deste pacote;repositório contém change v4 aberta e não contém openspec/specs;arquivos R2 são adicionados;"não substituem specs históricas nem marcam tarefas concluídas; validação trata changes R2 separadamente";NAO_EXECUTADO_NESTA_ENTREGA;2.4;3.4
R2-QUA-04-S02;R2-QUA-04;r2-09-qualificacao-e-rastreabilidade;Mudança R2 concluída;todos os cenários da change têm prova e gates pertinentes passaram;equipe consolida a especificação;preserva IDs e histórico, resolve baseline/deltas sem esconder requisitos v4 ainda abertos;NAO_EXECUTADO_NESTA_ENTREGA;2.4;3.4
R2-QUA-04-S03;R2-QUA-04;r2-09-qualificacao-e-rastreabilidade;Regressão posterior;nova versão invalida garantia antes demonstrada;auditoria recebe evidência;status reabre com referência ao novo SHA, sem apagar prova histórica nem reduzir requisito;NAO_EXECUTADO_NESTA_ENTREGA;2.4;3.4
