achado;prioridade;requisito;titulo;natureza;origem;fontes
F-R6-01;P0;R6-SEG-01;RLS no caminho real e prova com dados existentes;ANALISE_ESTATICA;R5-SEG-03;[hub/migrations/core/0049_strict_runtime_rls.sql:5](https://github.com/leandroclf/ai-hub/blob/a540b40007fe6b8ed523e17afe00e96ff8f8ad50/hub/migrations/core/0049_strict_runtime_rls.sql#L5), [hub/internal/platform/pg/pg.go:39](https://github.com/leandroclf/ai-hub/blob/a540b40007fe6b8ed523e17afe00e96ff8f8ad50/hub/internal/platform/pg/pg.go#L39), [hub/deploy/r2/tests/rls-runtime-proof.sh:17](https://github.com/leandroclf/ai-hub/blob/a540b40007fe6b8ed523e17afe00e96ff8f8ad50/hub/deploy/r2/tests/rls-runtime-proof.sh#L17), [hub/deploy/r2/compose.yaml:203](https://github.com/leandroclf/ai-hub/blob/a540b40007fe6b8ed523e17afe00e96ff8f8ad50/hub/deploy/r2/compose.yaml#L203)
F-R6-02;P0;R6-SEG-02;Callback aceito sobrevive à rotação e à indisponibilidade;ANALISE_ESTATICA;R5-SEG-01;[hub/internal/cometa/custody.go:228](https://github.com/leandroclf/ai-hub/blob/a540b40007fe6b8ed523e17afe00e96ff8f8ad50/hub/internal/cometa/custody.go#L228), [hub/internal/cometa/custody.go:195](https://github.com/leandroclf/ai-hub/blob/a540b40007fe6b8ed523e17afe00e96ff8f8ad50/hub/internal/cometa/custody.go#L195), [hub/internal/cometa/custody.go:385](https://github.com/leandroclf/ai-hub/blob/a540b40007fe6b8ed523e17afe00e96ff8f8ad50/hub/internal/cometa/custody.go#L385), [hub/internal/cometa/custody.go:411](https://github.com/leandroclf/ai-hub/blob/a540b40007fe6b8ed523e17afe00e96ff8f8ad50/hub/internal/cometa/custody.go#L411)
F-R6-03;P0;R6-EXE-01;Snapshot de etapa coerente em todas as identidades;PROBE_REPRODUZIDO;R5-EXE-03;[hub/internal/orbita/product_plan.go:126](https://github.com/leandroclf/ai-hub/blob/a540b40007fe6b8ed523e17afe00e96ff8f8ad50/hub/internal/orbita/product_plan.go#L126), [hub/internal/orbita/product_plan.go:83](https://github.com/leandroclf/ai-hub/blob/a540b40007fe6b8ed523e17afe00e96ff8f8ad50/hub/internal/orbita/product_plan.go#L83), [hub/internal/cometa/executor.go:199](https://github.com/leandroclf/ai-hub/blob/a540b40007fe6b8ed523e17afe00e96ff8f8ad50/hub/internal/cometa/executor.go#L199)
F-R6-04;P0;R6-EXE-02;Expiração bloqueia também recuperação DIRECT;ANALISE_ESTATICA;R5-EXE-01;[hub/internal/orbita/intents.go:208](https://github.com/leandroclf/ai-hub/blob/a540b40007fe6b8ed523e17afe00e96ff8f8ad50/hub/internal/orbita/intents.go#L208), [hub/internal/orbita/intents.go:363](https://github.com/leandroclf/ai-hub/blob/a540b40007fe6b8ed523e17afe00e96ff8f8ad50/hub/internal/orbita/intents.go#L363), [hub/internal/orbita/handlers.go:337](https://github.com/leandroclf/ai-hub/blob/a540b40007fe6b8ed523e17afe00e96ff8f8ad50/hub/internal/orbita/handlers.go#L337)
F-R6-05;P0;R6-EXE-03;Compensação progride após final público;ANALISE_ESTATICA;R5-EXE-04;[hub/internal/orbita/intents.go:50](https://github.com/leandroclf/ai-hub/blob/a540b40007fe6b8ed523e17afe00e96ff8f8ad50/hub/internal/orbita/intents.go#L50), [hub/internal/orbita/product_store.go:264](https://github.com/leandroclf/ai-hub/blob/a540b40007fe6b8ed523e17afe00e96ff8f8ad50/hub/internal/orbita/product_store.go#L264), [hub/migrations/core/0048_compensation_independent_deadline.sql:4](https://github.com/leandroclf/ai-hub/blob/a540b40007fe6b8ed523e17afe00e96ff8f8ad50/hub/migrations/core/0048_compensation_independent_deadline.sql#L4)
F-R6-06;P0;R6-EXE-04;Liberação de slot e intent na mesma transação;ANALISE_ESTATICA;R5-EXE-02;[hub/internal/orbita/intents.go:295](https://github.com/leandroclf/ai-hub/blob/a540b40007fe6b8ed523e17afe00e96ff8f8ad50/hub/internal/orbita/intents.go#L295), [hub/internal/orbita/intents.go:336](https://github.com/leandroclf/ai-hub/blob/a540b40007fe6b8ed523e17afe00e96ff8f8ad50/hub/internal/orbita/intents.go#L336), [hub/internal/orbita/intents.go:180](https://github.com/leandroclf/ai-hub/blob/a540b40007fe6b8ed523e17afe00e96ff8f8ad50/hub/internal/orbita/intents.go#L180)
F-R6-07;P0;R6-FIN-01;Replay financeiro distingue aplicação de nova quarentena;ANALISE_ESTATICA;R5-DAD-04;[hub/internal/libra/consumers.go:33](https://github.com/leandroclf/ai-hub/blob/a540b40007fe6b8ed523e17afe00e96ff8f8ad50/hub/internal/libra/consumers.go#L33), [hub/internal/libra/handlers.go:419](https://github.com/leandroclf/ai-hub/blob/a540b40007fe6b8ed523e17afe00e96ff8f8ad50/hub/internal/libra/handlers.go#L419), [hub/internal/libra/store.go:389](https://github.com/leandroclf/ai-hub/blob/a540b40007fe6b8ed523e17afe00e96ff8f8ad50/hub/internal/libra/store.go#L389), [hub/internal/libra/store.go:420](https://github.com/leandroclf/ai-hub/blob/a540b40007fe6b8ed523e17afe00e96ff8f8ad50/hub/internal/libra/store.go#L420)
F-R6-08;P0;R6-FIN-02;Completude e liquidação verificáveis no fluxo real;ANALISE_ESTATICA;R5-DAD-03;[hub/internal/libra/store.go:144](https://github.com/leandroclf/ai-hub/blob/a540b40007fe6b8ed523e17afe00e96ff8f8ad50/hub/internal/libra/store.go#L144), [hub/internal/libra/store.go:453](https://github.com/leandroclf/ai-hub/blob/a540b40007fe6b8ed523e17afe00e96ff8f8ad50/hub/internal/libra/store.go#L453), [hub/internal/libra/settlement.go:217](https://github.com/leandroclf/ai-hub/blob/a540b40007fe6b8ed523e17afe00e96ff8f8ad50/hub/internal/libra/settlement.go#L217)
F-R6-09;P0;R6-OPE-01;Gate de promoção vinculado ao artefato e à cobertura;PROBE_REPRODUZIDO;R5-OPE-02;[hub/deploy/r2/tests/promotion-gate.sh:22](https://github.com/leandroclf/ai-hub/blob/a540b40007fe6b8ed523e17afe00e96ff8f8ad50/hub/deploy/r2/tests/promotion-gate.sh#L22), [hub/deploy/r2/tests/validate-qualification-evidence.py:71](https://github.com/leandroclf/ai-hub/blob/a540b40007fe6b8ed523e17afe00e96ff8f8ad50/hub/deploy/r2/tests/validate-qualification-evidence.py#L71), [hub/deploy/r2/tests/validate-qualification-evidence.py:81](https://github.com/leandroclf/ai-hub/blob/a540b40007fe6b8ed523e17afe00e96ff8f8ad50/hub/deploy/r2/tests/validate-qualification-evidence.py#L81)
F-R6-10;P0;R6-OPE-02;Restore populado com versões e retomada reconciliada;ANALISE_ESTATICA;R5-DAD-02;[hub/deploy/r2/tests/restore-reconciliation.sh:21](https://github.com/leandroclf/ai-hub/blob/a540b40007fe6b8ed523e17afe00e96ff8f8ad50/hub/deploy/r2/tests/restore-reconciliation.sh#L21), [hub/deploy/r2/tests/restore-reconciliation.sh:57](https://github.com/leandroclf/ai-hub/blob/a540b40007fe6b8ed523e17afe00e96ff8f8ad50/hub/deploy/r2/tests/restore-reconciliation.sh#L57), [hub/deploy/r2/tests/restore-reconciliation.sh:63](https://github.com/leandroclf/ai-hub/blob/a540b40007fe6b8ed523e17afe00e96ff8f8ad50/hub/deploy/r2/tests/restore-reconciliation.sh#L63)
F-R6-11;P1;R6-OPE-03;Ambientes e elasticidade com orçamento de dependências;ANALISE_ESTATICA;"R5-OPE-03;R5-EXE-05";[hub/deploy/r2/kind/render-independent-dependencies.py:4](https://github.com/leandroclf/ai-hub/blob/a540b40007fe6b8ed523e17afe00e96ff8f8ad50/hub/deploy/r2/kind/render-independent-dependencies.py#L4), [hub/internal/queue/queue.go:228](https://github.com/leandroclf/ai-hub/blob/a540b40007fe6b8ed523e17afe00e96ff8f8ad50/hub/internal/queue/queue.go#L228), [hub/cmd/orbita/main.go:68](https://github.com/leandroclf/ai-hub/blob/a540b40007fe6b8ed523e17afe00e96ff8f8ad50/hub/cmd/orbita/main.go#L68)
F-R6-12;P1;R6-OPE-04;Capacidade obrigatória e feedback recuperável;ANALISE_ESTATICA;R5-OPE-01;[hub/internal/cometa/executor.go:74](https://github.com/leandroclf/ai-hub/blob/a540b40007fe6b8ed523e17afe00e96ff8f8ad50/hub/internal/cometa/executor.go#L74), [hub/internal/cometa/executor.go:134](https://github.com/leandroclf/ai-hub/blob/a540b40007fe6b8ed523e17afe00e96ff8f8ad50/hub/internal/cometa/executor.go#L134), [hub/internal/cometa/capacity.go:202](https://github.com/leandroclf/ai-hub/blob/a540b40007fe6b8ed523e17afe00e96ff8f8ad50/hub/internal/cometa/capacity.go#L202)
F-R6-13;P1;R6-UX-01;Seletores completos para produtos e rotas;ANALISE_ESTATICA;R5-UX-01;[hub/admin-ui/src/pages/CatalogPage.tsx:25](https://github.com/leandroclf/ai-hub/blob/a540b40007fe6b8ed523e17afe00e96ff8f8ad50/hub/admin-ui/src/pages/CatalogPage.tsx#L25), [hub/admin-ui/src/pages/CatalogPage.tsx:59](https://github.com/leandroclf/ai-hub/blob/a540b40007fe6b8ed523e17afe00e96ff8f8ad50/hub/admin-ui/src/pages/CatalogPage.tsx#L59), [hub/admin-ui/src/pages/CatalogPage.tsx:76](https://github.com/leandroclf/ai-hub/blob/a540b40007fe6b8ed523e17afe00e96ff8f8ad50/hub/admin-ui/src/pages/CatalogPage.tsx#L76)
F-R6-14;P1;R6-UX-02;Validação e intenção preservadas em toda mutação;ANALISE_ESTATICA;R5-UX-01;[hub/admin-ui/src/api/admin.ts:18](https://github.com/leandroclf/ai-hub/blob/a540b40007fe6b8ed523e17afe00e96ff8f8ad50/hub/admin-ui/src/api/admin.ts#L18), [hub/admin-ui/src/api/admin.ts:32](https://github.com/leandroclf/ai-hub/blob/a540b40007fe6b8ed523e17afe00e96ff8f8ad50/hub/admin-ui/src/api/admin.ts#L32), [hub/admin-ui/src/pages/CatalogPage.tsx:62](https://github.com/leandroclf/ai-hub/blob/a540b40007fe6b8ed523e17afe00e96ff8f8ad50/hub/admin-ui/src/pages/CatalogPage.tsx#L62), [hub/admin-ui/src/pages/CatalogPage.tsx:41](https://github.com/leandroclf/ai-hub/blob/a540b40007fe6b8ed523e17afe00e96ff8f8ad50/hub/admin-ui/src/pages/CatalogPage.tsx#L41)
F-R6-15;P1;R6-QUA-01;Evidência completa e vinculada ao código revisado;ANALISE_ESTATICA;R5-QUA-01;[docs/reviews/2026-09-12-r5/implementation/EVIDENCE_INDEX.md:29](https://github.com/leandroclf/ai-hub/blob/a540b40007fe6b8ed523e17afe00e96ff8f8ad50/docs/reviews/2026-09-12-r5/implementation/EVIDENCE_INDEX.md#L29), [docs/reviews/2026-09-12-r5/implementation/SCENARIO_RESULTS.csv:11](https://github.com/leandroclf/ai-hub/blob/a540b40007fe6b8ed523e17afe00e96ff8f8ad50/docs/reviews/2026-09-12-r5/implementation/SCENARIO_RESULTS.csv#L11), [docs/reviews/2026-09-12-r5/implementation/FINAL_REPORT.md:48](https://github.com/leandroclf/ai-hub/blob/a540b40007fe6b8ed523e17afe00e96ff8f8ad50/docs/reviews/2026-09-12-r5/implementation/FINAL_REPORT.md#L48)
