path;status;sha256_anterior;sha256_atual
AGENTS.md;MODIFIED;41e6c4dd444b339ce54d55197522ae53f53789a50d3457f800d3c3441e645143;159b0df4bf6569c266fc6fff69973f72621b58a3e0a68e951c7c90ef4e350cbb
hub/deploy/postgres-init/01-init.sh;MODIFIED;6d4f019809339a217237c83e08ec4c47903fc8bc882b051fe396d9d90bddebb0;ba2ac24df40e7d9097bcc4e9e6362e4a982844631231238d6475059afe7f9804
hub/internal/providerauth/client.go;MODIFIED;ef7b0e566843b621334ea2460ec0fc7e1e5b095bdfde111e7d917bdf615164c9;17e4bc68418201a2cb352dcb328a783f3a2c0b3b64df94cee8ffe3879f7d7e4e
hub/internal/orbita/admin.go;MODIFIED;407ef60147b9c208f6dbed7bb10ce645d94fe28be6e0ecd446c31889e823d182;b8f8b5eaf21c29a8ba374657a2edb6c65296b7cb0505b9288631909e626d3e61
hub/internal/atlas/publication_projection.go;MODIFIED;5c2a18cbfb2d6629b2425d53a71ff3edeca82c67aca8c0fb052ed29045ade1e6;d1e7677f24e1c3b8463693d14dab2fd299d1737729c40403fc76afa7794cabbc
hub/internal/atlas/handlers.go;MODIFIED;1259103819e18930e354498cfb8ba80df2fb8a55afd07ec5dd16e1f5a26fb54b;0cb418d8173832db133aa4eba064b1d3d75dd5f65193d7a4ac7d3879813d2cb8
hub/internal/atlas/offers.go;MODIFIED;ae6a11e094d1d2e4e032deae343d412ec2ae2e9473da9ebe77e1575503b0afc5;eb5be7297f59d6726b243a73862c9ee5ade85e89cbb56a38be9be919efd99dd7
hub/internal/atlas/catalog_test.go;MODIFIED;a881b6328bc1cf36ba1a4599d1d1268bad2ec18eff7348fea248e463fea723b5;28ab0779fbf85b0ecfc957720ae6453a65ef95ab51b9ae79baff3d919e019a2e
hub/internal/atlas/store.go;MODIFIED;e05ca905d2c0f7d4d9f8bcdf94c80f8739d0da158877670bd6778cc50a410418;f1dc7a71d859ddfe8498a6d479d9b09a85cbf5e0e2beb8fb080c93c69cac5586
hub/internal/atlasclient/client.go;MODIFIED;32f2bec3d36aeca36d1f5769a5be3e373b68c97ba42766126a54f3370a6d400f;3bd816cd2748aa41b99b6135fcace8a5088f588f4b1c2aadb7460613c7f4ccbf
hub/internal/cometa/executor.go;MODIFIED;6cadda7ffa7235c5e30c0ec30dce012a2ce046d4d30dabd0f600410767bc7a20;b044cb1e3bd32e94df0dd3b2d25f5b76503d9c1b3e1cc74861f155cfa252798a
hub/internal/cometa/poller.go;MODIFIED;a54360a544dddfc2dab22eca01d3ff27fa1950778ee84c9e461a9a4c9e5803e0;644be35715af606d23601c440a167e9d92071c9794656b1cc25f25509b2de47b
hub/internal/cometa/handlers.go;MODIFIED;86053b43b7a41405492fb82340b48a9b0f99d9798dd2e51f318617b79eae3539;6265ad0225d9035272af81954e09f9fa91802089470beaf41730ad357784d141
hub/internal/cometa/custody.go;MODIFIED;1909fa8fcd35c4923ca78e398b1596cfb6a099dc4cbe1ed310449313105ca478;71af392ea059d2a23f63a16af43c6e3ba5e214c139f996432877bf848c4e7ca4
hub/internal/cometa/custody_test.go;MODIFIED;23d9781ec32054617100cb978e1e90e5d07cba3dad24cc8b07cf983893bcce16;22460b8aed44c2d3a0e7f69ceb48b645db61960965ea5276522110174696bebd
hub/migrations/control/0002_provider_auth.sql;MODIFIED;37241e604376471efd7de394e9394673feaec0a32476a517c38363890dad1541;f4174fbf3e0157b42c8d8fbed0d92405337a9a3bd00647af2f9a52f4c4390fbb
hub/migrations/control/0004_provider_api_key.sql;ADDED;;068511cd748bbd03dbcd4b9f71042ba94c6b937b610e9217f972e6f83f0bfe6a
hub/migrations/core/0031_callback_custody.sql;ADDED;;0bea786f514fb76f36c193fbcffcf61cd9a4068f1eec5bd46261f75c17227bec
hub/migrations/core/0032_callback_inbox.sql;ADDED;;221629aa1c49f2755139c537da6bd6bbb4ba20727f52455713d457a5b798d238
openspec/changes/r3-01-custodia-e-integracao-externa/TRACEABILITY.md;ADDED;;c55ae36314351858d0330bf4625cd4a7f2dd5fc3faa02b15db8cbc82abe851fd
openspec/changes/r3-01-custodia-e-integracao-externa/explore.md;ADDED;;d385826cc4ab02ca0516044907aae2f60e2451a86f5c0a4603072e591bf2fa6d
openspec/changes/r3-01-custodia-e-integracao-externa/design.md;ADDED;;71499f8409f08f4b56e60e284c88ac03b2927a7eb945c123516199f1b7a503f6
openspec/changes/r3-01-custodia-e-integracao-externa/evaluator-checklist.md;ADDED;;c0a3fe4f9de3e092f5e5b7f1c6e7a357c9349de5d42b75b0a6236f81ee416e9d
openspec/changes/r3-01-custodia-e-integracao-externa/proposal.md;ADDED;;732e63f902d456f4c4d2e5f32835682671360f3614818f8f951fd0bd0118b13c
openspec/changes/r3-01-custodia-e-integracao-externa/tasks.md;ADDED;;c0e45cc4eba77c3f3e73624892bdbabeb65cbc80242759e57b41dc16a60bc928
openspec/changes/r3-01-custodia-e-integracao-externa/risk-matrix.md;ADDED;;5f5ce5829822f934b939c281e55bcb149a32406e0c9d49a2f26d23f35ae9e497
openspec/changes/r3-03-capacidade-credenciais-e-latencia/TRACEABILITY.md;ADDED;;18fd0de83634bfc1e741d2954b973c5a055a40970eaaef2014939cdb87340ecb
openspec/changes/r3-03-capacidade-credenciais-e-latencia/explore.md;ADDED;;a45ecf0551b6f11e89ed0100d8e72704bf33e3522b5ea8343febcc16f29bc681
openspec/changes/r3-03-capacidade-credenciais-e-latencia/design.md;ADDED;;77a30087e01301a911daf76654e0225d4b9b56982350976af8e378553286caf8
openspec/changes/r3-03-capacidade-credenciais-e-latencia/evaluator-checklist.md;ADDED;;c0a3fe4f9de3e092f5e5b7f1c6e7a357c9349de5d42b75b0a6236f81ee416e9d
openspec/changes/r3-03-capacidade-credenciais-e-latencia/proposal.md;ADDED;;ce8dce9b1dbd574557075f50424f3890969c7f988e14a159ac94b54858af16b1
openspec/changes/r3-03-capacidade-credenciais-e-latencia/tasks.md;ADDED;;0ded36307569070317c385b1a25c59963097ee0600bf09ec619727068dbb9ea4
openspec/changes/r3-03-capacidade-credenciais-e-latencia/risk-matrix.md;ADDED;;765ac2250d48bb6f5d1d4ab91b2a618d6fa367042b97df84a66c07c8f0a5d8df
openspec/changes/r3-05-financeiro-e-entregas/TRACEABILITY.md;ADDED;;fc7afb3509bb8b88360fa8faa26f3239edd7f51fd4f67a08e5ea45c284cf96df
openspec/changes/r3-05-financeiro-e-entregas/explore.md;ADDED;;4146d265608a5d51f5613906d2dd7daf99e94278b412d47930637df7e603cefe
openspec/changes/r3-05-financeiro-e-entregas/design.md;ADDED;;94dfea59b08ea4ec03fc5bc6be385f2f6f45c1dc77d9e70d7712aeecc0aa0b50
openspec/changes/r3-05-financeiro-e-entregas/evaluator-checklist.md;ADDED;;c0a3fe4f9de3e092f5e5b7f1c6e7a357c9349de5d42b75b0a6236f81ee416e9d
openspec/changes/r3-05-financeiro-e-entregas/proposal.md;ADDED;;3d9a3077412876fb3fd25dafd12769402018fcd989aa340617d0116b8cf868a7
openspec/changes/r3-05-financeiro-e-entregas/tasks.md;ADDED;;ba5b24604744d43c9f1c3962048830b4b5d7e4e94113e9a64d8c9059f1931a19
openspec/changes/r3-05-financeiro-e-entregas/risk-matrix.md;ADDED;;73a158af11b246d39b6807311cb9ef149b26a94a4c393e615a4a471c9c5749d9
openspec/changes/r3-04-console-e-autorizacao/TRACEABILITY.md;ADDED;;ea3a387d2c402b7ccd03acd65f00ec12ce94ab7c8f2ad8cfabc1f67ace11331c
openspec/changes/r3-04-console-e-autorizacao/explore.md;ADDED;;2867acabd60250d6523d0c5cf3b333a20c2bd144cabcbfb189e9a5b81b7e03d5
openspec/changes/r3-04-console-e-autorizacao/design.md;ADDED;;1bd5da1fca35e103b4a1cc82aeefc54ebcd96c1f35bf78758f6be4e6d28d01ea
openspec/changes/r3-04-console-e-autorizacao/evaluator-checklist.md;ADDED;;c0a3fe4f9de3e092f5e5b7f1c6e7a357c9349de5d42b75b0a6236f81ee416e9d
openspec/changes/r3-04-console-e-autorizacao/proposal.md;ADDED;;79fd6feed381f05445040045e1c5d41a524496eb3732bbac7f444fe5bfe9371e
openspec/changes/r3-04-console-e-autorizacao/tasks.md;ADDED;;8dc3b4649780aa49f897f425e8139ee5b2a73f2464e7cfb5e636e161807406c6
openspec/changes/r3-04-console-e-autorizacao/risk-matrix.md;ADDED;;7e69206f4a50b37cf6310899f09605016f60cf04f6d3a6351f58e59d009da3fb
openspec/changes/r3-07-qualificacao-integral/TRACEABILITY.md;ADDED;;088c2df6c2d835617aa43d2af7766f5e18706e1c87314ff6255756f87095e390
openspec/changes/r3-07-qualificacao-integral/explore.md;ADDED;;caffdba6c1bfe1556afe1edc0013a9b9cd34b953e2398d9a5b72fe0a2e16837e
openspec/changes/r3-07-qualificacao-integral/design.md;ADDED;;212b419064a6dcd49819ea87675773570d1fcd4fe7861d8e70bdc9546eb4d74e
openspec/changes/r3-07-qualificacao-integral/evaluator-checklist.md;ADDED;;c0a3fe4f9de3e092f5e5b7f1c6e7a357c9349de5d42b75b0a6236f81ee416e9d
openspec/changes/r3-07-qualificacao-integral/proposal.md;ADDED;;2031cdc66ac64b4587fa149ca38804367a66727191eeb2140a80159ce2f2f982
openspec/changes/r3-07-qualificacao-integral/tasks.md;ADDED;;63cbfb2b420210094f7a5799c0b2112639f9de7b51ff4261e4a9f135075bd4e5
openspec/changes/r3-07-qualificacao-integral/risk-matrix.md;ADDED;;068d0eb93b788e5463955398612d77d838abf73f8385c9d8e0a6d551d92cd024
openspec/changes/r3-06-dados-plataforma-e-continuidade/TRACEABILITY.md;ADDED;;102bcd20c399c51c79dc0f76d23dbf08dc6cf97cf180bb61e70cdbcc531a1bb6
openspec/changes/r3-06-dados-plataforma-e-continuidade/explore.md;ADDED;;b9094867d63cfb6693c5400b24a946bc4be212d6aaae6ebdb0bf93bcd27244d8
openspec/changes/r3-06-dados-plataforma-e-continuidade/design.md;ADDED;;3f801c1261222a077227a9f71dbb619481ad1c4c59a3908a9aafc9c04dc89608
openspec/changes/r3-06-dados-plataforma-e-continuidade/evaluator-checklist.md;ADDED;;c0a3fe4f9de3e092f5e5b7f1c6e7a357c9349de5d42b75b0a6236f81ee416e9d
openspec/changes/r3-06-dados-plataforma-e-continuidade/proposal.md;ADDED;;1632b36e845ab277fe9683df360e423b4c76b993686b8999edc99fdfa8b7aa18
openspec/changes/r3-06-dados-plataforma-e-continuidade/tasks.md;ADDED;;652412af84dba7cb994a933b9252fd8ad299f6f3c91e32fc31f7d2fbf188ebea
openspec/changes/r3-06-dados-plataforma-e-continuidade/risk-matrix.md;ADDED;;dc1e94dceb446727a681d827da338947d5d8950f532fc577c0e06a5d1ed2429b
openspec/changes/r3-02-portfolio-e-contratos-efetivos/TRACEABILITY.md;ADDED;;2d27dda041e6bbcd841d89a63ab42ec1db9e6c2694156942e0ae0b75920dd38f
openspec/changes/r3-02-portfolio-e-contratos-efetivos/explore.md;ADDED;;bcf6c5db2941e62473238e809219ee729b2e64e3bd99d00390f11a145124cbca
openspec/changes/r3-02-portfolio-e-contratos-efetivos/design.md;ADDED;;008e82506dab3b43b5b5d373f0ddc3e75dc3ca32b37fc9dea7f6f8a1fe6dae8b
openspec/changes/r3-02-portfolio-e-contratos-efetivos/evaluator-checklist.md;ADDED;;c0a3fe4f9de3e092f5e5b7f1c6e7a357c9349de5d42b75b0a6236f81ee416e9d
openspec/changes/r3-02-portfolio-e-contratos-efetivos/proposal.md;ADDED;;ec57789c86a1eff1939ec9554ab76323c24d1ec91ed098464840bac81acae34e
openspec/changes/r3-02-portfolio-e-contratos-efetivos/tasks.md;ADDED;;a077a38a09945e76a7d32defcb44ad9edcd1b465a3a487dbd7ef7ff5d0750839
openspec/changes/r3-02-portfolio-e-contratos-efetivos/risk-matrix.md;ADDED;;821b308f5a559647ace4c9f3ed75904a83c0302c06be361fa4989ab5eb9fb4d8
openspec/changes/r3-01-custodia-e-integracao-externa/specs/01-custodia-e-integracao-externa/spec.md;ADDED;;63321bdc0e7fd5c0b6c0d112c6d11be53c8365afa1c8872c4e9026a8051a0989
openspec/changes/r3-03-capacidade-credenciais-e-latencia/specs/03-capacidade-credenciais-e-latencia/spec.md;ADDED;;4d8fc3077c75e753b3fd86b4df4cb05ffa29b26bce4a16518c6e8ebf100a6728
openspec/changes/r3-05-financeiro-e-entregas/specs/05-financeiro-e-entregas/spec.md;ADDED;;098db2cc2907d96415c0001e5985bbcf823a78abaaf0c26ae85837b99e750095
openspec/changes/r3-04-console-e-autorizacao/specs/04-console-e-autorizacao/spec.md;ADDED;;051ae1465f46a862bf40a2cc8d5e9cc7afea9e8502a6a4820303077dd48063d8
openspec/changes/r3-07-qualificacao-integral/specs/07-qualificacao-integral/spec.md;ADDED;;6cfb73cbf92d4a89ea8236c009dcdccb09c1348bed0834a6c7355db5489c1e5d
openspec/changes/r3-06-dados-plataforma-e-continuidade/specs/06-dados-plataforma-e-continuidade/spec.md;ADDED;;c681e576475bb225f3fe544bad2acd1ff9b6c06ec7720cceef6d1783483fd4f2
openspec/changes/r3-02-portfolio-e-contratos-efetivos/specs/02-portfolio-e-contratos-efetivos/spec.md;ADDED;;542461951b5d5f8a9e85dd0ddc7a0468434352a2e83907a2d75d02548603df7f
docs/reviews/2026-09-08-r3/02-ARQUITETURA-E-INVARIANTES.md;ADDED;;a16b8f10aa7306817f9108c9f39dc07c053621907ab7f1c3c64dddcf22f19bfc
docs/reviews/2026-09-08-r3/04-QUALIFICACAO-E-OPERACAO.md;ADDED;;f172b4399c205b48149ae5f547f0a502d3baa3994a9019b6a5466e42b9d492cb
docs/reviews/2026-09-08-r3/01-RELATORIO.md;ADDED;;81834f4404ad6c621bb6d0100709eb5605a255861452df1157bb873e9b39e095
docs/reviews/2026-09-08-r3/07-MATRIZ-R3.csv;ADDED;;43f5904f5e0de21e20a4a062ea642eead390debc13e4207b8f2f480b8f15f7b9
docs/reviews/2026-09-08-r3/12-VALIDACAO-DO-PACOTE.md;ADDED;;931f6e50fb0d97b4909de8ea16e8ee4f70be26319bbffed16a037493852a1b67
docs/reviews/2026-09-08-r3/11-FONTES-SNAPSHOT.csv;ADDED;;3f57df8a44737946850db12ab524d394ec9bbcb0b026e93512fcc5eb297fbae5
docs/reviews/2026-09-08-r3/PROMPT_IMPLEMENTACAO_INTEGRAL_R3.md;ADDED;;d83e03bd2c0c269f5f0e0d8fddb114ff0a4c4771365c5b1f538a0cebd4b72f1f
docs/reviews/2026-09-08-r3/08-VALIDACAO-EXECUTADA.md;ADDED;;58ac9e5aedaacc9a1a26258ce3f11a2600af408244057421334a1dedd778ac08
docs/reviews/2026-09-08-r3/06-MATRIZ-164-HERDADOS.csv;ADDED;;3cc49a27eece3bd59b3c2fcdffb04ae1a3146c36ba14b6f8c695cec0727e996d
docs/reviews/2026-09-08-r3/05-DECISOES-E-MIGRACAO.md;ADDED;;8e07c7abb9edbdc1b90e50b5ae506124ba69af5305f963ac6aecfc2dbd5f02b1
docs/reviews/2026-09-08-r3/00-LEIA-PRIMEIRO.md;ADDED;;270aad816deb3712e086d4cb7b8aec85713d2a515708bcc2671a22fbc71ec5c4
docs/reviews/2026-09-08-r3/03-CONSOLE-E-CONTRATOS.md;ADDED;;3e5d0b2c45043635fc4ae3b44688d80de228956ec89062d52bdbbd3daa8c040d
docs/reviews/2026-09-08-r3/10-REAVALIACAO-42-ACHADOS-R2.csv;ADDED;;a6c0bd09bdccd0772ffb35b6518394835c3ccdfc12fa3e46976057e17dc9c969
docs/reviews/2026-09-08-r3/checksums.sha256;ADDED;;792ec8a8cb24f8186d8ccd0ad6c7276af1a7c798ae46c5a3370cffba07dbc2ab
docs/reviews/2026-09-08-r3/09-REFERENCIAS.md;ADDED;;e6dc808ef7747f90b0c8284705645d31fedad88f3f5909b3e2a6e9bc206daec6
docs/reviews/2026-09-08-r3/implementation/FINAL_REPORT.md;ADDED;;97112d69cbc97bf5ade3cd325fd74f32a614c4deb575e754fc44f9aaf0e0bc45
docs/reviews/2026-09-08-r3/implementation/CHECKPOINT.md;ADDED;;30d1184632e5d18be64715a423376f8cbace52d6473a49ddf4c19d7a7a6bda58
docs/reviews/2026-09-08-r3/implementation/FINDINGS_STATUS.md;ADDED;;dc43c860ebdf115913f471359a655819aedf877bd0b20a6bb8ee1ab2258389ba
docs/reviews/2026-09-08-r3/implementation/SCENARIO_RESULTS.csv;ADDED;;ecf4b9213d529c2861f0702d69e7db5cce3ddfb3d11f1a456d3d6cca27a1c770
docs/reviews/2026-09-08-r3/implementation/REQUIREMENTS_STATUS.csv;ADDED;;8f8ad285364b8464629c00e6b8b9b6a0dc7e156b5bc069f1ddd985aba9a124b5
docs/reviews/2026-09-08-r3/implementation/DECISIONS_AND_BLOCKERS.md;ADDED;;32ba637b36578c8099282eab087673ad296af16a91b6d1220344195257f7eb95
docs/reviews/2026-09-08-r3/implementation/EXECUTION_PLAN.md;ADDED;;7c8bbdae267c30726f2a57bce135874be471e32551ee9bdfed7392fccc19ea81
docs/reviews/2026-09-08-r3/implementation/EVIDENCE_INDEX.md;ADDED;;809a255629f0b0b2bef8ca51e6fe01d46e12dec5442aad256aa1f5835e270bd9
docs/reviews/2026-09-08-r3/evidence/go-race.stderr;ADDED;;e3b0c44298fc1c149afbf4c8996fb92427ae41e4649b934ca495991b7852b855
docs/reviews/2026-09-08-r3/evidence/npm-ci.log;ADDED;;6f59e869b8b46a725a20b5bda6af6a0bf939bacd8ae85a453befe5602c986f7f
docs/reviews/2026-09-08-r3/evidence/go-test.log;ADDED;;27ce78cf9235703ebb00d0298de852f990e7a3d2adb23a17c85a2d20a1d7c68f
docs/reviews/2026-09-08-r3/evidence/precision_probe_test.go;ADDED;;10fef338681e20f32e805f1b9193fb4d89cc13dcc8f1e065432b3bd30c239c3a
docs/reviews/2026-09-08-r3/evidence/test-summary.json;ADDED;;be3ecff722de3a39f0fca59a36955f3eaae8e441d0ee807a093c9eacf79e9924
docs/reviews/2026-09-08-r3/evidence/go-race.jsonl;ADDED;;a6a59613d97d1c22f671b6d2f7acfee6915311c4638eef7250d367653f53f7f9
docs/reviews/2026-09-08-r3/evidence/precision-probe.log;ADDED;;d49d06b3c52eb8ed35aeeaa8094e496266f264631ca7c89278de6f1e658ce6d9
docs/reviews/2026-09-08-r3/evidence/frontend-build.log;ADDED;;0280cf84bcc1365cc3f398418a555d36d8b70d77935e716617678380a11dcbea
docs/reviews/2026-09-08-r3/evidence/openspec-validation.json;ADDED;;a7c4a3727791c2f543f64f518238478d6676a8a63c4e849825c58f47bcf87c06
